,tweetID,tweetText,tweetRetweetCt,tweetFavoriteCt,tweetSource,tweetCreated,userID,userScreen,userName,userCreateDt,userDesc,userFollowerCt,userFriendsCt,userLocation,userTimezone
0,932382114351337472,You Can Get a Free #Postmates Unlimited Subscription Through Apple Pay https://t.co/f0miZJJdPa #freebies #applepay,0,0,Google,2017-11-19 22:56:33,134741365,Panoss_64,Panos,2010-04-19 09:21:35,"Seeing #technology always from a #business perspective.... also very curious about #digital, #social media, #mobile devices, #iPhone and #iPad and #wareables",1411,440,Athens,Athens
1,932380748048367616,You Can Get a Free Postmates Unlimited Subscription Through #ApplePay https://t.co/DxfrhFnfwg,0,0,dlvr.it,2017-11-19 22:51:07,17497054,stiel,Dan Stiel,2008-11-19 22:00:47,"I don't fight with bulls, swim with sharks, or fly wearing wingsuits. I'm just a marketing guy who likes to share interesting news w/friends.",1717,75,"Newport Beach, CA",Pacific Time (US & Canada)
2,932378562589577217,urbselect: lifehacker - You Can Get a Free Postmates Unlimited https://t.co/lp1oauoyQN #applepay #delivery #freebies #urbselect,0,0,urbselect autopost to twitter,2017-11-19 22:42:26,884382919455801344,urbselect,UrbSelect,2017-07-10 12:04:53,curated news,273,1532,"Dallas, TX",Central Time (US & Canada)
3,932375538102128640,"RT @AppleSupport: Forget your wallet. Set up Apple Pay, and shop with just your iPhone or Apple Watch. 

Learn more: https://t.co/ENfwjHHQH‚Ä¶",210,0,Twitter for iPhone,2017-11-19 22:30:25,133893710,khalifirgii,Firgi K. Setiawan,2010-04-16 22:56:57,Life is just !,326,183,"Depok, Indonesia",
4,932374454671376384,i dunno about you but i get a little boner whenever I use ApplePay,1,5,Twitter for iPhone,2017-11-19 22:26:07,937634498,ArfanHammid,Hammid Arfan,2012-11-09 19:49:44,,1764,573,Hull//Leeds ,Casablanca
5,932372665989521409,"RT @BKFUniversity: The question to ask yourself everytime you open your wallet ISNT ‚Äúhow do I make this easier to do next time‚Äù, the questi‚Ä¶",2,0,Twitter for iPhone,2017-11-19 22:19:00,930630641561063424,KimmieCocoa86,Kimmiejo,2017-11-15 02:56:50,‚Äúbrown sugar makes everything a lil sweeter‚Äù,17,84,"Florida, USA",
6,932372136106254336,"The question to ask yourself everytime you open your wallet ISNT ‚Äúhow do I make this easier to do next time‚Äù, the q‚Ä¶ https://t.co/hQIhn5ZSZO",2,2,Twitter for iPhone,2017-11-19 22:16:54,16068973,BKFUniversity,BlackDynamite,2008-08-31 18:16:23,Author of Brass Knuckle Finance. Purveyor of uncommon sense. This account teaches a #personalfinance class directly on social media for *BKF book owners.*,18375,13591,310/818 California,Pacific Time (US & Canada)
7,932368172694597633,"Today's the last day to get 15% off when you pay with @ApplePay ! If you try to pay with actual apples, though, we'll ask you to leave.",0,0,Twitter for Android,2017-11-19 22:01:09,20383181,Toy_Joy,Toy Joy,2009-02-08 18:37:01,"Think Fun - We are an independently owned toy store that has been a part of helping Austin, TX think fun since 1987. Shop for fun online: https://t.co/fZ1pgW0bYl",4395,77,"Austin, TX",Central Time (US & Canada)
8,932365116972191745,Could this be the beginning of the end for #Venmo? https://t.co/6coTerEpn2 #applepay #applepaycash #p2ppayments #payments,0,0,Sprout Social,2017-11-19 21:49:01,1394632111,AliantPayment,Aliant Payments,2013-05-01 13:08:12,"We are a credit card processing & independent merchant services provider, working in conjunction with the world‚Äôs leader in credit card & payment processing.",536,1315,"Ft. Lauderdale, FL",Eastern Time (US & Canada)
9,932353397256200197,I used ApplePay at Walgreens and they scanned the store rewards card at the counter which then got automatically ad‚Ä¶ https://t.co/5u5pSbxB8u,0,9,Twitter for iPhone,2017-11-19 21:02:26,39342845,dyl_usional,another dylmension,2009-05-11 21:11:37,"Life is a race to the grave, and I'm not letting some asshole get a better seat ‚ö°Ô∏è",499,364,‚ö°SYR // Generally Out Here‚ö°,Eastern Time (US & Canada)
10,932330100045107201,@KTM12XU I seek out places that use ApplePay in (a possibly futile) attempt to stave this off. Hate when I have to‚Ä¶ https://t.co/9VxRz0HPOl,0,1,Twitter Web Client,2017-11-19 19:29:52,46029742,yenic,yenic,2009-06-10 03:47:10,"C# developer, Boglehead investor, UNI basketball & CLG fan, a Spanish loving gringo and registered independent.
Expect tweet entropy.",87,164,127.0.0.1,Central Time (US & Canada)
11,932326960251981824,Visa &amp; ApplePay going brazy this holiday szn...those POS systems better work flawlessly,0,0,Twitter for iPhone,2017-11-19 19:17:23,15745639,supreemeshay,seun,2008-08-06 03:38:00,investing & predicting trends in our digital economy | @investdetroitVC + #theHAPPENINGdet | hoyasaxa | i speak for myself & myself only,1592,1672,DMV to 313,Quito
12,932326424014479360,"üöö ITUNES REDEEMERs

üí≤687 CONNECTüí≤
ü§ôüèø üà¥#TEAMSKIBO Still Buying iTunes, Amazon, ApplePay, GooglePay, Steam, Vanilla... https://t.co/5Scr40Vybs",0,0,Facebook,2017-11-19 19:15:15,290790448,Famousarc,“ìa–ºoœÖ—ïarc,2011-04-30 22:55:10,,770,134,,
13,932315826534920194,RT @DaveTaylor: Use your Apple Watch to pay for things with Apple Pay? Here's how to set it all up on your iPhone: https://t.co/A79pm5J3wv‚Ä¶,1,0,Twitter Web Client,2017-11-19 18:33:09,590973748,ChChable,Chable Christophe,2012-05-26 14:38:20,Ô£ø,436,540,Somewhere in Europe,Paris
14,932315667876810752,Realized recently how important ApplePay on mobile web is as a option for vendors to sell independently of  Amazon.,0,8,Twitter for iPhone,2017-11-19 18:32:31,9870342,mhat,occascially matt,2007-11-02 01:04:10,¬Ø\_(„ÉÑ)_/¬Ø recovering rick,792,541,San Francisco,Pacific Time (US & Canada)
15,932312228929425408,I forgot my wallet today and finally used my apple wallet for the first time in 4 stores and the subway. Not surpri‚Ä¶ https://t.co/a3opyV9Tyj,0,7,Twitter for iPhone,2017-11-19 18:18:51,1452616772,AT_Fresh_Dev,Alex Tait,2013-05-23 21:52:54,Software Developer @rangleio. Vocalist & bandleader for @thespandettes,406,389,TORONTO,Pacific Time (US & Canada)
16,932311906584588289,"RT @ConnorDonald: Me before working at Apple: ‚Äútechnology is corroding the human spirit‚Äù
Me after working at Apple for a week: ‚Äúif u don‚Äôt‚Ä¶",1,0,Twitter for iPhone,2017-11-19 18:17:34,498335368,Bwalker845,BWalk845,2012-02-20 23:06:58,22- IG-845Cole Snapchat- Gifted845,943,1063,845 NY,
17,932311776007524352,"RT @Vacatia: Book your holiday #familytravel with
5 ways to pay! üòéüå¥üåµ‚õ∑
üìçCredit Card
üìç@AmazonPay
üìç#ApplePay
üìç2 to 4 interest-free ""flexpay"" p‚Ä¶",4,0,Twitter for Android,2017-11-19 18:17:03,2438215997,KatieLyon9,Katie Lyon,2014-03-26 16:55:01,My name is Katie and I love my family and friends!  ‚ô°‚ô°‚ô°,55,1579,Fargo,Pacific Time (US & Canada)
18,932310321867321344,"RT @Vacatia: Book your holiday #familytravel with
5 ways to pay! üòéüå¥üåµ‚õ∑
üìçCredit Card
üìç@AmazonPay
üìç#ApplePay
üìç2 to 4 interest-free ""flexpay"" p‚Ä¶",4,0,Twitter for Android,2017-11-19 18:11:16,2446605116,Maybach__Lanae,#TeamO and TB ‚ù§Ô∏è,2014-04-16 05:25:12,I love omarion ; been riding wid em since b2k TEAMOMARION . Teambreezy til the death baby; Christopher Maurice Brown ‚ù§Ô∏è,85,4859,in orbit w/ @1omarion,Pacific Time (US & Canada)
19,932309502115885057,"RT @Vacatia: Book your holiday #familytravel with
5 ways to pay! üòéüå¥üåµ‚õ∑
üìçCredit Card
üìç@AmazonPay
üìç#ApplePay
üìç2 to 4 interest-free ""flexpay"" p‚Ä¶",4,0,Twitter for Android,2017-11-19 18:08:01,2448019105,DeenoLaGwaila,Deeno LaGwalla,2014-04-16 20:50:37,#teamfollowback! R.I.P MALIK SCOTT!!  Jus as Young as could be!!#realhillnigga,64,5001,tha 9th cloud from tha ground,
20,932309397698760706,"Me before working at Apple: ‚Äútechnology is corroding the human spirit‚Äù
Me after working at Apple for a week: ‚Äúif u‚Ä¶ https://t.co/b3ufdhr199",1,11,Twitter for iPhone,2017-11-19 18:07:36,3140215587,ConnorDonald,Connor McCausland,2015-04-06 12:32:30,I write comedy things and do standup. These: @mcsweeneys @aboveaverage @Weeklyhumorist @collegehumor @NeilRightNow I've also been to Italy which was great.,397,1034,"New York, NY",Eastern Time (US & Canada)
21,932308250518835201,"RT @Vacatia: Book your holiday #familytravel with
5 ways to pay! üòéüå¥üåµ‚õ∑
üìçCredit Card
üìç@AmazonPay
üìç#ApplePay
üìç2 to 4 interest-free ""flexpay"" p‚Ä¶",4,0,RoundTeam,2017-11-19 18:03:03,59747580,bjkbrady,Janice Brady,2009-07-24 10:34:24,I haven't been everywhere - but it's definitely on my list! #TravelBlogger #FamilyTravel #FoodAllergyChronicles #FoodieFriday #BrandAmbassador #Disney,23671,12534,"Murrells Inlet, SC",Eastern Time (US & Canada)
22,932306967531462658,"Book your holiday #familytravel with
5 ways to pay! üòéüå¥üåµ‚õ∑
üìçCredit Card
üìç@AmazonPay
üìç#ApplePay
üìç2 to 4 interest-free‚Ä¶ https://t.co/d8r4GiKM92",4,1,Twitter Web Client,2017-11-19 17:57:57,1055969407,Vacatia,Vacatia,2013-01-02 19:55:06,The resort marketplace for vacationing families! Hawaii-Florida-Colorado-Mexico-Caribbean-Myrtle Beach-Branson-Park City-Tahoe-Whistler-Las Vegas-Scottsdale,9704,9309,"San Francisco, CA",Arizona
23,932305476070420480,Use your Apple Watch to pay for things with Apple Pay? Here's how to set it all up on your iPhone: https://t.co/A79pm5J3wv #applepay,1,0,TweetDeck,2017-11-19 17:52:01,9973392,DaveTaylor,Dave Taylor,2007-11-05 17:56:51,Writer | videographer | entrepreneur | public speaker | film critic | proud single father of three great kids,24250,1000,"Boulder, CO",Mountain Time (US & Canada)
24,932299962725142531,@PockitUK Is there any chance you will support #ApplePay ?,1,0,Twitter for iPad,2017-11-19 17:30:07,3104952077,NickRobrot,Rick Dash,2015-03-22 15:23:51,"Live life to the full, and love with all your heart.",16,48,Sussex,London
25,932298662096572416,Contactless payments and ApplePay are really fucking dangerous üòÖ,0,2,Twitter for iPhone,2017-11-19 17:24:56,401978269,ItsDJMickyH,Micky Hargreaves,2011-10-31 11:14:59,25 ‚Ä¢ DJ ‚Ä¢ 1/3 of @mikxnkhaki,694,397,"Fleetwood, England",London
26,932295834980507648,@Apple and @ApplePay thank U for giving me the work around so I can take my Uber because #Chase didn‚Äôt care and wou‚Ä¶ https://t.co/Yr18wbAwC3,0,0,Twitter for iPhone,2017-11-19 17:13:42,3756130043,HBKAndre,Dub O,2015-09-24 03:45:12,,26,30,,Eastern Time (US & Canada)
27,932294306806882305,RT @LifeHacksIRL: Apple Watch Tips &amp; Tricks! watchOS 4 Edition! https://t.co/XaqHjiexC9 #AppleWatch #AppleWatchSeries3 #applepay #wearables,2,0,Twitter for iPhone,2017-11-19 17:07:38,191676084,TechGuyBert,Bert,2010-09-17 01:45:17,I tweet about #tech and #life !!,73,250,"Toronto, ON",Eastern Time (US & Canada)
28,932292501007826944,So far after using the @SamsungMobile #Note8 i have to say im very dissappointed with #SamsungPay never had this ma‚Ä¶ https://t.co/63S25MvBsj,0,2,Twitter for Android,2017-11-19 17:00:28,775154885415186432,bransablan,Bran Sablan,2016-09-12 02:11:41,"Avid PC Gamer, Amateur Golfer, Proud Family Man, and Free Thinking American!!!",36,66,"University Place, WA",Pacific Time (US & Canada)
29,932287914754695168,"@Tickrate_ Google
Applepay 
Alipay
MasterCard 

....why not",0,0,Twitter for iPhone,2017-11-19 16:42:14,4272785177,MickeySpillane7,churchill,2015-11-25 08:59:25,THE WEST WILL NEVER BE BROKEN,1059,1052,United States of America ,
30,932277865936285697,RT @theRealJaneBond: Lol she grabbed it off my desk üò≥ she‚Äôs SO not dumb. Just happy she can‚Äôt figure out ApplePay üòÇ https://t.co/kv2nCztMHH,1,0,Twitter for Android,2017-11-19 16:02:18,2427795163,cngoolsby2014,Charleigh Goolsby,2014-04-04 20:05:06,christian DTBH fan country music nascar fan.  ATTN self help media marketing gurus I block everyone of you I see,215,282,"Knoxville, TN",
31,932270422246248448,RT @PivotalPayments: Walmart Pay may surpass #ApplePay for U.S. #mobilepayments  https://t.co/UxiafzijUL https://t.co/F2TBb4R1yB,2,0,Twitter Web Client,2017-11-19 15:32:44,914823345488777216,rgkmobile,RGK Mobile,2017-10-02 12:04:16,RGK Mobile is a global mobile provider of  mobile content subscription services management and payment aggregation technology.  -Speak to us today!-,1276,68,"Barcelona, Spain",
32,932269162851852288,Love that one ‚Ä¶. and she even has ApplePay lol ‚Ä¶ AWESOME! https://t.co/pd5esoPP5S,0,1,Tweetbot for Mac,2017-11-19 15:27:43,8472922,ChrisMTL,ChrisMTL,2007-08-27 22:57:56,Photographer and Geek just moving through time and space‚Ä¶,247,352,,Eastern Time (US & Canada)
33,932264732047953921,Apple Watch Tips &amp; Tricks! watchOS 4 Edition! https://t.co/XaqHjiexC9 #AppleWatch #AppleWatchSeries3 #applepay #wearables,2,1,Hootsuite,2017-11-19 15:10:07,840263772992372737,LifeHacksIRL,Tech IRL,2017-03-10 18:11:09,Follow Us and subscribe to our Youtube Channel for Tech Videos including Tech How To‚Äôs with New Youtube Videos Every Friday!,5039,4931,,
34,932262155335987200,Having Used #ApplePay For The First Time Today I Feel Completely Down With The Kids. Apparently You Point Phone Tow‚Ä¶ https://t.co/P1oob1GeWC,0,7,Twitter for iPhone,2017-11-19 14:59:53,2602493938,pc_lawrence,Steph Lawrenceü§™,2014-06-12 00:10:07,UK #Police Officer Trying To Make A Positive Difference. #HateCrime Coordinator. Staff Welfare. Equalities. #Stonewall Role Model. #EvertonFC *Tweets OWN Views*,2715,1674,Gloucester / South Devon UK,London
35,932261498503749639,Can I pay @DEWAOfficial bill on the app using #ApplePay?,0,0,Twitter Web Client,2017-11-19 14:57:16,27379436,kiranjoyv,Kiran Varughese,2009-03-29 04:25:31,,379,56,Dubai,Baku
36,932260506227818496,Lol she grabbed it off my desk üò≥ she‚Äôs SO not dumb. Just happy she can‚Äôt figure out ApplePay üòÇ https://t.co/kv2nCztMHH,1,1,Twitter for iPhone,2017-11-19 14:53:19,30469979,theRealJaneBond,"Rainy Robinson, MBA",2009-04-11 15:57:14,"Rainy Robinson, MBA - Standup Philosopher. @mrsdogC's right hand and left ear #DogandBeth Monday, November 27th @ 9pm ET on @AETV",27893,3149,California,Pacific Time (US & Canada)
37,932260464360284161,Got my new Chip Dipper and Apple Pay Square card reader. @square #square #applepay‚Ä¶ https://t.co/aeQ20mkFRg,0,0,Instagram,2017-11-19 14:53:09,44056972,aliensarehere,Soda City Art,2009-06-02 04:20:36,"Artist, Illustrator, and lover of art living in Soda City. Soda City Art.",189,414,"West Columbia, SC",
38,932258430156525569,@santanderukhelp Is there a problem with contactless payments?  I add card to ApplePay fine but then 30 mins I get‚Ä¶ https://t.co/3Tb5ddmivA,0,0,Twitter for iPhone,2017-11-19 14:45:04,186154183,richfletch76,Richard Fletcher,2010-09-02 18:20:29,Reading fc season ticket holder,9,35,"Bracknell, UK",
39,932258034591596544,@Lorenz_Keller @TWINT_AG @ApplePay @_NoeI_ @NickiDigital @tinustreusalz @RafaelZeier @Blickch @blickamabend Sind positive/negative Artikel?,0,0,Twitter for Android,2017-11-19 14:43:30,15598667,mdv_zh,Marco D.V.,2008-07-25 14:50:02,"Ein young-minded Digital Convert und leidenschaftlicher Snap-er, der nebenbei das Best Ice Cream in Town produziert. Aber nur f√ºr Friends",185,196,"Z√ºrich, Schweiz",Europe/Brussels
40,932223085624754176,"How to Send and Receive #Money Via iMessage with #ApplePay in iOS 11 on iPhone, iPad and Apple Watch https://t.co/I8ODUufYTr",0,0,Twitter Web Client,2017-11-19 12:24:38,3633737359,Indabaa,Indabaa,2015-09-21 03:40:17,"Indabaa deals with #iPhone #Android #smartphones #Mac  #wearables #AppleWatch, #VR & #tech. Latest technology news & rumors.",645,726,"Ahmadabad City, Gujarat",
41,932220480513331201,The fact it‚Äôs no longer possible to top up my @monzo card with #ApplePay is so annoying. #currentAccount,0,0,Twitter for iPhone,2017-11-19 12:14:17,14880629,josephpmoor,Joe Moor,2008-05-23 12:10:22,"Musings on politics, tech, apiculture and analogue photography. Views are my own. Working @CiceroGlobal",385,958,London,Amsterdam
42,932215206155046912,"@CostaCoffee I wish you‚Äôd be more consistent in accepting @AskAmexUK cards, with or without ApplePay. Some stores d‚Ä¶ https://t.co/r2f56BFu2T",0,0,Twitter for iPhone,2017-11-19 11:53:19,390734746,gatesheadgeek,Peter,2011-10-14 13:31:00,"NE-living geeky kiwiphile gay with penchant for transport, engineering, fruity tech & Lego. Long-suffering younger brother of twittermeister @Macbojangles",639,363,Gateshead,London
43,932207328031469568,"@Corey_Feldman @CourtneyAnne12 3/3 Then you'll see this page. Today I chose ""continue"". Yesterday I used ApplePay.‚Ä¶ https://t.co/5hv3h3VI2Y",0,0,Twitter for iPhone,2017-11-19 11:22:01,792240178748284928,Strumpet60,Donna Raagas,2016-10-29 05:42:32,"I stumped for Trump. Guess what? We are all misogynists! (What--you never called anyone a tramp, ho, bitch?) I read & think, & look for holes in arguments.",65,120,,
44,932203047488548864,"RT @SagenceInc: #Blockchain will eliminate the shadow markets in our financial systems and, combined with #ApplePay, will allow your childr‚Ä¶",2,0,Twitter for iPhone,2017-11-19 11:05:00,2652670245,rob_versaw,Rob Versaw,2014-06-29 08:39:02,Non Profit Co-Founder @unitedaging // MBA @DukeFuqua // Fmr. Director of Mobile Apps @Overstock // Official Member @ForbesTechCncl // Alumni of @GWtweets @BYU,94,95,,
45,932198058451984384,"When you switch to a @monzo current account you lose the ability to easily top up your accout via ApplePay. Well, t‚Ä¶ https://t.co/vnvjNousBW",0,1,Twitter for iPhone,2017-11-19 10:45:11,154144410,AndyNicolaides,Andy,2010-06-10 13:58:32,Mobile photographer and all round nerd.,839,265,UK,London
46,932171084404854784,"üí≤SUNDAY CASHOUTüí≤
üîå I BUY ALL KIND OF GIFT CARD AND BITCOIN ..AMAZON, APPLEPAY, APPLE WALLET, ITUNES, GOOGLEPAY,... https://t.co/rmeeGndDkV",0,0,Facebook,2017-11-19 08:58:00,290790448,Famousarc,“ìa–ºoœÖ—ïarc,2011-04-30 22:55:10,,770,134,,
47,932166371923947520,RT @cloudn9nee95: Used #ApplePay For the first time today #Amazing,1,0,Twitter Web Client,2017-11-19 08:39:16,590973748,ChChable,Chable Christophe,2012-05-26 14:38:20,Ô£ø,436,540,Somewhere in Europe,Paris
48,932157886683258880,RT @golm: Amazed that @Apple still doesn‚Äôt accept #ApplePay for #AppleCare+ https://t.co/VKXcLhZoGf,2,0,Twitter for iPhone,2017-11-19 08:05:33,2812492482,Thailer_Jaymz,Tyler James,2014-09-16 05:58:35,Keeping businesses honest & accountable one tweet at a time. Strictly Apple. Exclusively Apple Pay. #apple #nfc #creditguru #nintendo #switch #gaymer,76,322,"Portland, OR",Pacific Time (US & Canada)
49,932157487045685248,RT @newmanhaley: @Target plz get set up with ApplePay already,3,0,Twitter for iPhone,2017-11-19 08:03:58,2812492482,Thailer_Jaymz,Tyler James,2014-09-16 05:58:35,Keeping businesses honest & accountable one tweet at a time. Strictly Apple. Exclusively Apple Pay. #apple #nfc #creditguru #nintendo #switch #gaymer,76,322,"Portland, OR",Pacific Time (US & Canada)
50,932141416561631232,"Make secure purchases with #ApplePay! Book with the tajawal app &amp; get AED 100 off for every AED 1,000 spent!‚Ä¶ https://t.co/S2RdVHPSA6",0,5,Twitter Ads,2017-11-19 07:00:06,4894240545,tajawalae,tajawal UAE,2016-02-10 07:32:34,Loading phenomenal destinations...‚úà 24/7 support‚úâÔ∏èSupport@tajawal.com ‚òéÔ∏èInternational 971-4-5182000 - UAE 8000184086 üôåüèºTestimonials under Likes,14109,6,United Arab Emirates,Muscat
51,932111187138961408,"RT @AppleSupport: Forget your wallet. Set up Apple Pay, and shop with just your iPhone or Apple Watch. 

Learn more: https://t.co/ENfwjHHQH‚Ä¶",210,0,Twitter for iPhone,2017-11-19 04:59:59,143777394,kalburgivinodh,Vinodh Kalburgi,2010-05-14 10:56:55,"I am very determined, materialistic, resourceful, touchy & ruthless, that's what my zodiac sign taurus say. Close to singer @sonunigam fanatic of @shreyaghoshal",927,1452,"Bengaluru South, Karnataka",Chennai
52,932080705357484033,UPDATE! you can now purchase #Vevue Tokens with #ApplePay. More ICO updates here:  https://t.co/nCOOsityjR‚Ä¶ https://t.co/nxSinugCxB,3,4,Twitter Web Client,2017-11-19 02:58:52,890170734,govevue,Vevue,2012-10-19 02:49:08,"Make videos, earn Vevue Tokens. Support blockchain projects to make tomorrow better than today.",357,62,Worldwide,Arizona
53,932077413621780480,"RT @AppleSupport: Forget your wallet. Set up Apple Pay, and shop with just your iPhone or Apple Watch. 

Learn more: https://t.co/ENfwjHHQH‚Ä¶",210,0,Twitter for iPhone,2017-11-19 02:45:47,761304667422728192,dragon_star33,Michael,2016-08-04 20:55:51,"Jesus above all, COD Veteran, Just your basic Nerd. I‚Äôm into Politics, Religion, Sports, Gaming, Love talking, Love putting smiles on faces.",351,281,Earth,
54,932070533243506688,"Customers want #voice #payments, #Google has a foot in the door.  #applepay #amazon  https://t.co/Fh8ymzJVZi",0,1,Twitter for iPhone,2017-11-19 02:18:26,51568193,devworah,dev worah,2009-06-27 21:55:05,Crafting innovative solutions and leading digital transformation in #banking and #finsvcs. Startup advisor.   #fintech #emergingtrends #blockchain #ai.,679,1190,"Boston, MA",Eastern Time (US & Canada)
55,932062986981781504,RT @HandyladyServ: Hashtagsüî•üî•üî•#familybrand #safety #repair #residential #brand  #homerepair #Security‚Ä¶ https://t.co/z8oKdtU4nA,0,1,IFTTT,2017-11-19 01:48:27,2605873688,TheM4rksman,Siddharth Hingol,2014-07-05 17:57:43,Photographer | Gamer | Student 
Instagram - Siddharth_99,160,850,"Mumbai, India",
56,932051907144769538,Hashtagsüî•üî•üî•#familybrand #safety #repair #residential #brand  #homerepair #Security  #HomeImprovement #Apps‚Ä¶ https://t.co/RIJBniKX8F,0,1,Twitter for Android,2017-11-19 01:04:26,3024269846,HandyladyServ,Handylady¬©üè†üî®,2015-02-17 17:33:15,#Handylady is a #woman owned #homerepair #business locations in #Atlanta #Stlouis. Family friendly and insured. Contact Us Today! #familybrand,1772,2244,"Georgia, USA",
57,932044054954524672,@marpreter @NAB The new bank has already given us credit card and bank account that works with AndroidPay and Apple‚Ä¶ https://t.co/ZlRdGXEkJ3,0,1,Twitter for iPhone,2017-11-19 00:33:13,18383003,hugobrown,Tamachijin,2008-12-26 02:37:33,Photography üì∑ | Running üèÉüèæ | Music üé∂|Travel ‚úàÔ∏è |,1103,1475,Australia,Sydney
58,932034146834116608,"RT @Daily_Dripper: When you need a new battery...
BAD 
#iPhone @Apple #ApplePay #SaturdayMotivation https://t.co/k8ur0Gv9DA",3,0,Twitter for iPhone,2017-11-18 23:53:51,900360173495107586,ChairezCiro,Ciro Chairez,2017-08-23 14:12:48,Grateful,3,26,"Georgia, USA",
59,932033752624173057,"RT @Daily_Dripper: When you need a new battery...
BAD 
#iPhone @Apple #ApplePay #SaturdayMotivation https://t.co/k8ur0Gv9DA",3,0,Twitter for iPhone,2017-11-18 23:52:17,715236188437614596,Daily_Dripper,TheDailyDripper üï≥,2016-03-30 17:56:10,"VapeGear reviews, graphic design, content creation, blogger. YT Channel: https://t.co/7kTH6yhRJE|| FB: https://t.co/tqjX2fThLZ ||Instagram: mrdailydripper",6468,4912,USA,
60,932031222267744256,"RT @hansemannnn: #ApplePay for #Titanium 2.0.0: Now with @braintree integration, improved production build-settings and more! 

https://t.c‚Ä¶",3,0,Twitter for iPhone,2017-11-18 23:42:14,2797704650,KBuschel,Konstantin B√ºschel,2014-09-08 11:06:23,Cross-Platform Mobile Applications Developer bei @interaktives. Appcelerator Titanium Mobile Dev. iOS Dev. JavaScript Dev. Passion for Fitness and Styles.,57,159,Germany,Pacific Time (US & Canada)
61,932029220926078976,Why won't @Apple #iBooks let me make a purchase on my phone using #ApplePay? Seems like a no brainer...?,0,0,Twitter Web Client,2017-11-18 23:34:17,214186679,ckenst,Chris Kenst,2010-11-10 19:51:41,Quality Advocate trying to make it in this crazy world ... Maintain an OSS list of conferences at https://t.co/MiwpkdGlay,595,376,"Los Angeles, CA",Pacific Time (US & Canada)
62,932022361213116417,"We accept #ApplePay #AndroidPay and InteracFlash #Debitcards üçèüí≥üçé
Gift Certificates availableüéÅ #giftidea‚Ä¶ https://t.co/zjnLPJIkYA",0,1,Twitter Web Client,2017-11-18 23:07:01,3254391464,PacificShiatsu,Pacific Shiatsu,2015-06-24 07:06:40,We offer #Shiatsu (#Japanese hands-on #therapy) at #Douglas & Burnside near #Mayfair Mall. Our mission is helping people become healthier mentally&physically.,420,827,"Victoria, British Columbia",Pacific Time (US & Canada)
63,932008432240091137,"RT @Daily_Dripper: When you need a new battery...
BAD 
#iPhone @Apple #ApplePay #SaturdayMotivation https://t.co/k8ur0Gv9DA",3,0,Twitterrific,2017-11-18 22:11:40,473971402,crAppleSupport,crApple Support,2012-01-25 14:32:51,Why not join us in DM an we‚Äôll continue from there!,111,0,Channel Island of Jersey,Pacific Time (US & Canada)
64,932007290005176320,"The @BestBuy app doesn‚Äôt give you a way to use ApplePay if you customize the order in any way (discount codes, diff‚Ä¶ https://t.co/bxZyVEs3gM",0,0,Twitter for iPhone,2017-11-18 22:07:08,18039822,ethancaine,Amos ‚ô¶Ô∏è‚ô£Ô∏è,2008-12-11 03:43:00,"Salary Airman, full-time dad, part-time geek, off-duty nerd, tech enthusiast, and conversational podcaster.",214,286,"Alaska, USA",Alaska
65,932006320756150272,"When you need a new battery...
BAD 
#iPhone @Apple #ApplePay #SaturdayMotivation https://t.co/k8ur0Gv9DA",3,3,Twitter for iPhone,2017-11-18 22:03:17,715236188437614596,Daily_Dripper,TheDailyDripper üï≥,2016-03-30 17:56:10,"VapeGear reviews, graphic design, content creation, blogger. YT Channel: https://t.co/7kTH6yhRJE|| FB: https://t.co/tqjX2fThLZ ||Instagram: mrdailydripper",6468,4912,USA,
66,932004901139505152,"Put my hands on an iPhone X.  To my surprise, it's really nice.  Also, bought a new wireless router.  Had to answer‚Ä¶ https://t.co/rVRBkY3HRa",0,2,Twitter for iPhone,2017-11-18 21:57:38,22117992,harvardheinous,Humdrum Harv,2009-02-27 07:22:31,"computer engineer, pianist, lonely",82,49,New York,Eastern Time (US & Canada)
67,932002507319996416,Surprise iOS 11.2 Public Beta 4 Weekend Release Brings Fast Charging and #ApplePay Cash https://t.co/2iWX9tMyCl,0,0,dlvr.it,2017-11-18 21:48:08,17497054,stiel,Dan Stiel,2008-11-19 22:00:47,"I don't fight with bulls, swim with sharks, or fly wearing wingsuits. I'm just a marketing guy who likes to share interesting news w/friends.",1717,75,"Newport Beach, CA",Pacific Time (US & Canada)
68,932002164796469250,Is ApplePay support for  @tenxwallet planed?,0,1,Twitter for iPhone,2017-11-18 21:46:46,851872470760030208,_skiddi3,skiddi3 [NO BCASH],2017-04-11 18:59:58,,136,158,,Pacific Time (US & Canada)
69,931998663383142400,Because it makes the machine think it's an actual card it works everywhere; way better than ApplePay or AndroidPay,0,0,Twitter for Android,2017-11-18 21:32:51,335594132,ddlc13,King Nard,2011-07-14 22:54:07,"I know what it is; I got the juice and you want a sip. Here you go üëá
üì∏|üëª ddlc13",225,486,Burbs of Asgard,Eastern Time (US & Canada)
70,931995700748939264,"@seweso IMO the model changed once BTC mooned. Gresham's Law. Payments would always compete w/ ApplePay, Visa, PayP‚Ä¶ https://t.co/wOwqaMWVIM",0,0,Twitter for Android,2017-11-18 21:21:05,874074079908708353,cryptopillar,Cryptopillar,2017-06-12 01:21:14,"...changing the world one bit at a time. Investor, Futurist, AnCap
(88% BTC - 0.5% ETH - 1% ETC - 10% LTC - 0.5% PLR)",55,67,Canada,
71,931981022337687552,let‚Äôs taco-bout the new #chipotle order app #itslit #applepay,0,0,Twitter for iPhone,2017-11-18 20:22:45,827907741628956672,annatomicblonde,Anna,2017-02-04 15:52:42,just a storyteller,42,184,"Houston, TX",
72,931978023238168578,RT @SunitaPhoto: #ApplePay arrives in New Zealand @IsraelinNZ #stockPick #Israel #ByteMe @Pushpay #Payments #TechTrack @TeslaRoadTrip https‚Ä¶,1,0,Twitter Web Client,2017-11-18 20:10:50,902246680392720385,thorsvortex,Thor,2017-08-28 19:09:06,Film & Music Enthusiast | Lego Lover | @Leafly Contributor | #LifeIsGood Designer üòç | @AnthonyDSeattle #Writer #Romance-#Comedy Liam Chaser. Sunshine Addict. üòé,200,914,"Seattle, WA",
73,931977606748147712,"RT @AppleSupport: Forget your wallet. Set up Apple Pay, and shop with just your iPhone or Apple Watch. 

Learn more: https://t.co/ENfwjHHQH‚Ä¶",210,0,Twitter for iPhone,2017-11-18 20:09:11,4865424515,ESchewel,ESchewel,2016-01-30 23:20:46,"Wenn etwas wichtig genug ist, dann mach es, auch wenn alle Chancen gegen dich stehen. -Elon Musk-",5,102,,
74,931976624328888320,@SnazzyQ Must be a reason behind it. I‚Äôm pretty sure Samsung Pay is not supported in Canada. Only #ApplePay &amp; #AndroidPay,0,0,Tweetbot for iŒüS,2017-11-18 20:05:17,391192221,danieltbratt,Daniel Bratt,2011-10-15 05:56:02,#Explorer,24,167,"Amherstburg, ON",Eastern Time (US & Canada)
75,931968438070755328,@JeffreeStar Tried to pay with ApplePay and the order didn‚Äôt go thru. Had a panic attack and tried again. Got 2 ord‚Ä¶ https://t.co/eOGZovrYs3,1,7,Twitter for iPhone,2017-11-18 19:32:45,78153289,ishaconde,Alicia Conde,2009-09-28 23:25:22,karma chameleon. Warrior Princess.,4,10,the ghetto ,Pacific Time (US & Canada)
76,931967273455312896,@Target plz get set up with ApplePay already.,0,1,Twitter for iPad,2017-11-18 19:28:07,239243181,_JesusSon,Lexus LFA Nate,2011-01-17 04:47:26,My Bachelors Degree Is Proof I'm Broke. ‚òïÔ∏è,1277,2617,"77(3)12 , IL",Central Time (US & Canada)
77,931963935682646016,When you find out @GiantEagle takes #ApplePay. https://t.co/jUkzVjB6AS,0,1,Twitter for iPhone,2017-11-18 19:14:51,1064124168,abowlb,A. Bowlby,2013-01-05 22:15:10,Listening.,4,3,United States,
78,931960336600756224,"@AccentureDACH Reach ‚Äúpure status‚Äù?  Lol, Our greedy banking Kartell &amp; Post Finance won‚Äôt even allow customers to u‚Ä¶ https://t.co/GQM2g8oWBq",0,0,Twitter for iPhone,2017-11-18 19:00:33,19788537,RobertWalter,Trump is dismantling the ship of state in flight.,2009-01-30 21:05:43,"Study for knowledge & reflect for understanding. As these increase so may tolerance, compassion & growth as a force for good. (Or just do opposite of Trump!)",238,421,Switzerland (really!),Bern
79,931959250661896192,@Polidalberg @RevolutApp @kulivnk @Applekrk Fully agree. I had the same reason getting Revolut card a few months ag‚Ä¶ https://t.co/91pma9UMC2,0,1,Tweetbot for iŒüS,2017-11-18 18:56:14,282720971,Darkman133,Darecki,2011-04-15 19:43:02,,10,52,"Tychy, Poland",Warsaw
80,931955089513766912,"@CityofVancouver RE parking tickets. Why don't you add a QR code, once photographed opens a page on my phone that a‚Ä¶ https://t.co/BG5y6tigNl",0,1,Twitter for iPhone,2017-11-18 18:39:42,3169323523,RyanIChisholm,Ryan Chisholm,2015-04-23 22:42:12,"Follow me on my search to change the world and impact millions of people by selling disruptive, simple, technology.",233,136,"San Francisco, CA",
81,931953750499053568,Used #ApplePay For the first time today #Amazing,1,0,Twitter for iPhone,2017-11-18 18:34:23,880226326833238016,cloudn9nee95,Kollin CloudN9 Oakes,2017-06-29 00:48:04,"R.I.P. Lucas Blaise 12.10.15 - 05.24.17 üöº God comes before everythingüôè Then family, SALUTE MI FAMILIA üëçüëèüíú God is my Shepherd and I am doing his work!",48,120,"Georgia, USA",
82,931951756627578881,@santanderukhelp Do you automatically remove cards from #ApplePay when a phone has been restored to default? I got‚Ä¶ https://t.co/oJD1DSILNN,0,0,Twitter for iPhone,2017-11-18 18:26:28,925376473,markig106,Mark Gillespie,2012-11-04 13:36:59,,283,920,"Cookstown, Norn Iron",London
83,931951745126752256,"RT @AppleSupport: Forget your wallet. Set up Apple Pay, and shop with just your iPhone or Apple Watch. 

Learn more: https://t.co/ENfwjHHQH‚Ä¶",210,0,Tweetbot for iŒüS,2017-11-18 18:26:25,586284481,MudgeeMac,MudgeeMac.com,2012-05-21 05:44:20,"Helping you realise the full value in your Macintosh, iPad and iPhone. Follow me for Apple tips and tricks",143,156,"Mudgee, NSW, AUSTRALIA",
84,931949884890124288,@RevolutApp Two features I‚Äôm waiting for eagerly: #Bitcoin and #ApplePay - this will make me replace my other bank‚Ä¶ https://t.co/vERi0pyQob,0,0,Twitter for iPhone,2017-11-18 18:19:02,892426221371490304,SVENVDKNESEBECK,DCONOMY,2017-08-01 16:46:06,"Analytics Expert, Scrum Master, Crypto Enthusiast, Master Business & Economics, Hoppy Blogger",55,112,"London, England",
85,931948361346961408,Why doesn‚Äôt Wallet/#ApplePay preempt everything else on iOS? Horrific UX waiting into the tens of seconds for Apple‚Ä¶ https://t.co/zT37DsAlqC,0,0,Twitter for iPhone,2017-11-18 18:12:58,2679991,kennethmac2000,Kenneth MacArthur,2007-03-28 15:51:41,"Scottish European. üè¥Û†ÅßÛ†Å¢Û†Å≥Û†Å£Û†Å¥Û†Åøüá™üá∫ .scot | .stockholm | .berlin | .london ‚ù§Ô∏è cities, coffee, EDM, the EU, politics, sun, tech & travel. Cloud-native. @theSNP",1203,4760,London,London
86,931947560922697730,"@Polidalberg @kulivnk @Applekrk Still working on this feature, but unfortunately there is no specific date set. We'‚Ä¶ https://t.co/6l41u6fZ9e",0,2,TweetDeck,2017-11-18 18:09:47,2676313880,RevolutApp,Revolut,2014-07-24 09:15:51,"Instantly spend and send money globally, pay zero fees!

Need help? In-App support chat is available: Mon-Fri: 8am - 10pm UKT, Sat-Sun: 12pm - 6pm UKT",29106,1934,Global,London
87,931947371868688384,ApplePay &amp; FaceID is the least convenient idea Apple has had since putting the charging port underneath the Magic Mouse. #iPhoneX,0,0,Twitter for iPhone,2017-11-18 18:09:02,23907788,abouraya,Adam Abouraya,2009-03-12 05:40:28,UXE at Alphabet's G in NYC. Ex-Apple. House music lover exploring the world in search of great food with my lovely wife @TruffleTina.,264,881,"New York, NY",Eastern Time (US & Canada)
88,931939698406232064,ApplePay  ü§üüèº,0,2,Twitter for iPhone,2017-11-18 17:38:33,1255467372,klln_mrc,Pepsi Cola,2013-03-09 22:03:04,life imitates art,941,231,"Le Mans, France",Pacific Time (US & Canada)
89,931938877379698689,"Hey @ChickfilA why doesn‚Äôt your app use ApplePay?!? Dumb, dumb, dumb.",0,0,Twitter for iPhone,2017-11-18 17:35:17,18260885,stephencollie,stephencollie,2008-12-20 04:14:33,"Turns out not where but who you're with that really matters. -Best of What's Around, DMB",193,402,"Charlotte, NC",Eastern Time (US & Canada)
90,931935732654116866,@bbcicecream Frenzy is so fucked up with the ApplePay only,0,2,Twitter for iPhone,2017-11-18 17:22:47,2773890196,theyeezywolf,Lars,2014-09-17 19:40:11,Instagram Legit Check: https://t.co/MQvaIvphuw,103,95,Germany,Pacific Time (US & Canada)
91,931930131819630597,RT @golm: Amazed that @Apple still doesn‚Äôt accept #ApplePay for #AppleCare+ https://t.co/VKXcLhZoGf,2,0,Twitter for iPhone,2017-11-18 17:00:32,242888232,JumpingJeff63,Jeff Meredith,2011-01-25 20:45:08,"Software Developer, GIS, Security, Geophysics, Apple Pay fan, Mtn Peak bagger, Cord cutter",446,685,,
92,931929058115403776,Amazed that @Apple still doesn‚Äôt accept #ApplePay for #AppleCare+ https://t.co/VKXcLhZoGf,2,7,Twitter for iPhone,2017-11-18 16:56:16,22816050,golm,brandon l golm,2009-03-04 18:59:45,"VP, Engineering @BigCommerce. This is mostly where I tweet about flying and iPhones.",234,295,,Pacific Time (US & Canada)
93,931926348204998658,RT @JIM_E824: Using #ApplePay on the #iPhoneX is simply amazing.,1,0,Twitter Web Client,2017-11-18 16:45:30,590973748,ChChable,Chable Christophe,2012-05-26 14:38:20,Ô£ø,436,540,Somewhere in Europe,Paris
94,931926254189776896,#Bitcoin #MobilePay and #ApplePay- What does M-Commerce mean for the future of cash? https://t.co/dMBPrWnxU0 https://t.co/2aKbxdkvrm,0,0,Hootsuite,2017-11-18 16:45:08,348746667,BeantownMV,BMV,2011-08-04 23:01:12,"Digital marketing, PR, and growth-hacking for venture-backed #startups. Listen to us talk tech & growth: https://t.co/1yG5k4OCjz",498,1092,Boston ‚úà LA,Eastern Time (US & Canada)
95,931921081849479168,@ylimenerual Hi Lauren. We are experiencing issues with ApplePay today. Are you able to pay with another method? -Jamie,0,0,Conversocial,2017-11-18 16:24:34,20767880,thetrainline,trainline,2009-02-13 12:56:44,Follow us for Trainline good times! We‚Äôre here 8am-8pm Mon-Fri & 9am-5pm Sat-Sun. Looking for European trains? You need @trainline_eu,36104,7557,United Kingdom,London
96,931917958988943360,"I just love #Applepay especially from my watch. 
Ok breakfast done, time for adventure!",0,1,Twitter for iPhone,2017-11-18 16:12:10,30538202,DukeofDevereaux,James Devereaux,2009-04-11 22:17:40,"9th Duke of Devereaux, KCVO, GBE. English gentlemen, living the American Dream. Avid traveler and adventurer of the great wide beautiful Commonwealth.",302,682,"Devonshire, United Kingdom",Mountain Time (US & Canada)
97,931915450149163010,"RT @AppleSupport: Forget your wallet. Set up Apple Pay, and shop with just your iPhone or Apple Watch. 

Learn more: https://t.co/ENfwjHHQH‚Ä¶",210,0,Twitter for iPhone,2017-11-18 16:02:12,367429105,alectello,Alec Tello,2011-09-03 23:34:54,,62,55,,
98,931911701724721154,#ICYMI #Fintech #innovation huge from #ApplePay to #Blockchain &amp; Co. This do-read says #biometric #security also key https://t.co/igobJh5jJO,0,1,Twitter for Android,2017-11-18 15:47:18,2902127424,EdKennedy01,Ed Kennedy,2014-11-17 00:12:15,"Journalist, Ghostwriter, Web Designer. Email: enquiries@edkennedy.co",1309,1303,"Melbourne, Australia",Canberra
99,931911494115008512,RT @newmanhaley: @Target plz get set up with ApplePay already,3,0,Twitter for iPhone,2017-11-18 15:46:28,83789027,G33K_SQUAD,Ô£øIrvin Keith Ô£ø,2009-10-20 07:14:01,"Saved by christ.....@lakers fan, Musicianüé∫ and #TeamApple...Roll Tide @Snapchat: ikeith90",372,401,"birmingham, Alabama",Central Time (US & Canada)
100,931897266566324225,"Waved my #note8 over the credit card machine at @SmoothieKing like a Jedi and cashier says ""oh we don't have AppleP‚Ä¶ https://t.co/V79fYQ3Tf5",0,1,Twitter for Android,2017-11-18 14:49:56,16453959,thaDEVILhimself,Michael Garcia,2008-09-25 17:21:20,üö´A T H E I S T üèÜ1st place üö¥‚Äç‚ôÇÔ∏èBike Rodeo üòé (1st grade),137,286,"Hell, TX (San Antonio,TX)",America/Chicago
101,931895648906964992,"RT @AppleSupport: Forget your wallet. Set up Apple Pay, and shop with just your iPhone or Apple Watch. 

Learn more: https://t.co/ENfwjHHQH‚Ä¶",210,0,Twitter for iPhone,2017-11-18 14:43:31,97963389,osmiumleung,Osmium Leung,2009-12-19 19:15:22,"Pause and Resume.
Also follow me on instagram: osmiumleung",40,152,Hong Kong,Hong Kong
102,931894709362003968,"RT @AppleSupport: Forget your wallet. Set up Apple Pay, and shop with just your iPhone or Apple Watch. 

Learn more: https://t.co/ENfwjHHQH‚Ä¶",210,0,Twitter Web Client,2017-11-18 14:39:47,1627026078,javitomontiel,Javito,2013-07-28 04:42:02,Marketing & Applefan @jacmotorspy @autologicpy @aijuee,205,21,"Asuncion, Paraguay",Atlantic Time (Canada)
103,931892703306141696,I love to shop more at @Pressbyran an 7-11 due to amazing #applepay . Waiting for more shops!! https://t.co/sZtiHWGJCS,0,0,Twitter for iPhone,2017-11-18 14:31:48,79121961,renjithr2081,Renjith R,2009-10-02 07:25:36,Founder Search Indie- Discover India in Europe https://t.co/s1gLkRsuBZ :) @searchindie. #SUS17 batch #startupschool,321,1085,"Stockholm, Sweden",Copenhagen
104,931891144409141248,"RT @hansemannnn: #ApplePay for #Titanium 2.0.0: Now with @braintree integration, improved production build-settings and more! 

https://t.c‚Ä¶",3,0,Twitter for iPhone,2017-11-18 14:25:37,471487732,adamtarmstrong,A·¥Ö·¥Ä·¥ç A Ä·¥çs·¥õ Ä·¥è…¥…¢,2012-01-22 22:47:08,Cross-Platform Mobile Developer | Full-time @AmWINS | Freelance @implicitli | @AppcDev Titan | Ice Hockey Goalie/Dad/Coach,132,209,"Prosper, TX",Central Time (US & Canada)
105,931890014056742913,"RT @hansemannnn: #ApplePay for #Titanium 2.0.0: Now with @braintree integration, improved production build-settings and more! 

https://t.c‚Ä¶",3,0,Twitter for iPhone,2017-11-18 14:21:07,92947928,Macasfaj,Miguel √Ångel Casta√±o,2009-11-27 11:02:58,Ingeniero en Inform√°tica. Intentando cambiar el mundo y hacerlo m√°s sencillo. Titanium Appcelerator Developer.,417,444,√âcija,Madrid
106,931887418692730880,"RT @ShopKeep: Okay, #ApplePay: Here's all you'll need to know. https://t.co/pfeJ03HpiM",1,0,Twitter for iPad,2017-11-18 14:10:48,18118845,olkie,David Olk,2008-12-14 16:58:20,co-founder @ShopKeep and @VorayApp. EIR @columbia_biz. failing forward @Inc,994,437,New York,Central Time (US & Canada)
107,931884946494513152,"Okay, #ApplePay: Here's all you'll need to know. https://t.co/pfeJ03HpiM",1,0,Hootsuite,2017-11-18 14:00:59,19862363,ShopKeep,ShopKeep,2009-02-01 15:28:23,"iPad point of sale with reporting, analytics and 24/7 support that help grow your business. Contact us today to get a FREE Quote!",7560,987,New York City,Eastern Time (US & Canada)
108,931880011044409344,"#ApplePay for #Titanium 2.0.0: Now with @braintree integration, improved production build-settings and more! 

https://t.co/aBrbUXp98b",3,9,Twitter Web Client,2017-11-18 13:41:22,50331691,hansemannnn,Hans Kn√∂chel,2009-06-24 15:15:01,iOS Engineer @appcelerator | Titanium Core-Team | Skateboarding | MSc. Computer Science (wip),381,239,"Osnabr√ºck, Germany",Berlin
109,931874363334373376,"RT @AppleSupport: Forget your wallet. Set up Apple Pay, and shop with just your iPhone or Apple Watch. 

Learn more: https://t.co/ENfwjHHQH‚Ä¶",210,0,Twitter for iPhone,2017-11-18 13:18:56,800084211528966145,Dav_from_yt,David Laurent,2016-11-19 21:11:55,Je fais des videos sur youtube alors... Abonnez vous !,24,62,Provence-Alpes-C√¥te d'Azur,Paris
110,931855648597295106,"Calling it now, 2018 will be the year of the $AAPL iPhone X-S.

Or by its full name, the iPhone-X-SJW, which will r‚Ä¶ https://t.co/y8emqxd8cp",0,0,Gab.ai,2017-11-18 12:04:34,2817323221,z31r4m,Bad Uncle Leo...,2014-09-18 16:24:30,"On Dec 18th every BluChek becomes an unpaid Twemployee. Fire them, #BlockABluChekEveryDay",414,250,ü•ì üçÜ Blockbot Level 1 üçÜ ü•ì,Arizona
111,931855534415900672,@CapitalOneUK @george_street @CapitalOneUK  will you be bringing in Applepay in the next six months? I think I am g‚Ä¶ https://t.co/MQy5moVvXv,0,0,Twitter for iPad,2017-11-18 12:04:07,948517620,MalcolmBell14,Malcolm Bell,2012-11-14 21:24:04,,6,34,,
112,931854693122301952,How to Send and Receive Money Via #iMessage with #ApplePay https://t.co/I8ODUufYTr,0,0,Twitter Web Client,2017-11-18 12:00:46,3633737359,Indabaa,Indabaa,2015-09-21 03:40:17,"Indabaa deals with #iPhone #Android #smartphones #Mac  #wearables #AppleWatch, #VR & #tech. Latest technology news & rumors.",645,726,"Ahmadabad City, Gujarat",
113,931853943017160705,"RT @AppleSupport: Forget your wallet. Set up Apple Pay, and shop with just your iPhone or Apple Watch. 

Learn more: https://t.co/ENfwjHHQH‚Ä¶",210,0,Twitter for iPhone,2017-11-18 11:57:47,1364728435,NicolasLacour19,Nicolas Lacour,2013-04-19 15:39:42,22 years old | Junior Graphic Designer at GREY üá≤üá∫ | Chelsea FC Fan | Dream to travel the üåé |    iPhone 6s,151,524,Mauritius,Abu Dhabi
114,931850332321341441,"RT @AppleSupport: Forget your wallet. Set up Apple Pay, and shop with just your iPhone or Apple Watch. 

Learn more: https://t.co/ENfwjHHQH‚Ä¶",210,0,Twitter Web Client,2017-11-18 11:43:26,926868391792652288,RepairitUk,I-RepairIT UK,2017-11-04 17:46:59,"We are a laptop, mobile phone and PC repairing shop. We are partners with @laptopdoctor122. Pop in: 122 Queens RD Brighton BN1 3WB",0,19,"Pop in: 122 Queens RD Brighton, England BN1 3WB",
115,931848757959974912,"RT @2composers: My first ApplePay on the new iPhone!
#ShareTheMeal https://t.co/1jI5EHAEq4",1,0,Twitter for iPhone,2017-11-18 11:37:11,33937586,SebStricker,Sebastian Stricker,2009-04-21 15:30:48,Social innovation & Founder of @ShareTheMealOrg,252,69,"Berlin, Germany",Amsterdam
116,931845031631007745,"RT @AppleSupport: Forget your wallet. Set up Apple Pay, and shop with just your iPhone or Apple Watch. 

Learn more: https://t.co/ENfwjHHQH‚Ä¶",210,0,Twitter for iPhone,2017-11-18 11:22:23,903373255867813889,Zayn_Aussie,Zayn Aussie,2017-08-31 21:45:42,"üá¶üá∫ Love Australia ‚ôå Out going extrovert fun loving open minded, friendly, like to travel & meet people. Welcome to my üåè",18,34,"Adelaide, South Australia",Abu Dhabi
117,931842268985724928,@greateranglia @AppleSupport why does applepay never seen to work with your contactless terminals at Harlow town ?‚Ä¶ https://t.co/LDigT3kHF2,0,0,Twitter for iPhone,2017-11-18 11:11:24,479477646,neil_goodgame,Neil,2012-01-31 12:31:48,,20,153,"Harlow, UK",
118,931836417382273024,RT @Eckoh: Eckoh wins Payment Innovation of the Year at last night‚Äôs #PaymentAwards with its #securepayment solution for #ApplePay over a t‚Ä¶,1,0,Twitter for iPhone,2017-11-18 10:48:09,27201473,burtonash,Ashley Burton,2009-03-28 08:53:07,"Head of Product at @eckoh making #customerservice better and #payments more secure & convenient. Also love #photography, #hamradio (M0TNC)",344,1090,England,Hawaii
119,931836367788740614,RT @cpsross: @Eckoh's pay-on-a-phonecall-using Apple Pay won Payments Innovation of the Year at #PaymentsAwards this evening. #VeryProud #A‚Ä¶,1,0,Twitter for iPhone,2017-11-18 10:47:57,27201473,burtonash,Ashley Burton,2009-03-28 08:53:07,"Head of Product at @eckoh making #customerservice better and #payments more secure & convenient. Also love #photography, #hamradio (M0TNC)",344,1090,England,Hawaii
120,931821408287682562,The latest Daily Èõ∑Ëîµ! https://t.co/SbjCHd2OMZ Thanks to @dankeidanshi #‰∫∫Âè£Áü•ËÉΩ #applepay,0,0,Paper.li,2017-11-18 09:48:30,81530470,hiwata_ah,hiwata,2009-10-11 06:07:18,Áîü„Åç„Å¶„Åæ„Åó„Åü,858,563,Êù±‰∫¨ÈÉΩ,Tokyo
121,931815905125916672,"RT @AppleSupport: Forget your wallet. Set up Apple Pay, and shop with just your iPhone or Apple Watch. 

Learn more: https://t.co/ENfwjHHQH‚Ä¶",210,0,Twitter for iPad,2017-11-18 09:26:38,88086322,mggim,MGG-IM,2009-11-07 01:46:55,"Soy dise√±adora multimedial y CoolHunter. En mi estudio de dise√±o desarrollo proyectos multimediales, videojuegos educativos y social media.-",86,356,"Santa Fe, Argentina",Greenland
122,931812049587441664,"RT @AppleSupport: Forget your wallet. Set up Apple Pay, and shop with just your iPhone or Apple Watch. 

Learn more: https://t.co/ENfwjHHQH‚Ä¶",210,0,Twitter for iPhone,2017-11-18 09:11:19,310737120,giannsi,Mladjan Jovanovic,2011-06-04 08:04:18,,289,66,Zajecar,
123,931809521080643584,"Apple‚ù§
.
.
#Apple #ApplePay #AppleMusic #AppleNews #iPhoneX #iPhone #iPhone8 #iPhone8Plus #iPhone7 #iPhone7Plus‚Ä¶ https://t.co/5kNUOYUQoi",0,0,Twitter for Android,2017-11-18 09:01:16,870747067022540802,Mo7amed3laa_10,Mohamed A. Ebraheem,2017-06-02 21:00:53,13 Years old|Football is my hobby|I Love L. Messi|My fabvurite team is FC Barcelona,15,150,"North Sinai, Egypt",
124,931807083384786944,@TATravelCenters do you accept #ApplePay,0,0,Twitter Web Client,2017-11-18 08:51:35,38346644,scififan68,Ian M.,2009-05-07 02:33:30,,79,131,Midwest US,Central Time (US & Canada)
125,931806059647438849,"We are now accepting #ApplePay and contactless payments. Thanks, Mandy x https://t.co/tPlEo3zjL0",0,2,Twitter for iPhone,2017-11-18 08:47:31,45059808,bbl65pleasance,bbl 65 Pleasance,2009-06-06 02:13:19,"BBL 'HOME OF THE BEST BURGERS IN THE CITY' on @Lunchquest 2014 & 2015. In November 2013, we started making the now ‚ÄúFAMOUS‚Äù vegan Lorne sausage.",1393,1302,"65 Pleasance, Edinburgh",Edinburgh
126,931795625053642752,"RT @AppleSupport: Forget your wallet. Set up Apple Pay, and shop with just your iPhone or Apple Watch. 

Learn more: https://t.co/ENfwjHHQH‚Ä¶",210,0,Twitter for iPhone,2017-11-18 08:06:03,890112988144959488,jonathanjo70,Jonathan,2017-07-26 07:34:08,#PilotStudent || Drone Pilot || Future CEO and Chairman || iOS Swift Language Programming || I'm still waiting for her since the high school no matter whatüôèüèª,20,149,"Jakarta Timur, DKI Jakarta",
127,931789646438248448,"RT @iBeckTech: #WhyIOnlyBuyOnline More like the only time I buy online is with Ô£ø Pay. From someone who has had their card hacked before, it‚Ä¶",1,0,Twitter for iPhone,2017-11-18 07:42:18,242888232,JumpingJeff63,Jeff Meredith,2011-01-25 20:45:08,"Software Developer, GIS, Security, Geophysics, Apple Pay fan, Mtn Peak bagger, Cord cutter",446,685,,
128,931788635875115008,RT @newmanhaley: @Target plz get set up with ApplePay already,3,0,Twitter for iPhone,2017-11-18 07:38:17,242888232,JumpingJeff63,Jeff Meredith,2011-01-25 20:45:08,"Software Developer, GIS, Security, Geophysics, Apple Pay fan, Mtn Peak bagger, Cord cutter",446,685,,
129,931787776638509056,"RT @AppleSupport: Forget your wallet. Set up Apple Pay, and shop with just your iPhone or Apple Watch. 

Learn more: https://t.co/ENfwjHHQH‚Ä¶",210,0,Twitter for iPhone,2017-11-18 07:34:52,242888232,JumpingJeff63,Jeff Meredith,2011-01-25 20:45:08,"Software Developer, GIS, Security, Geophysics, Apple Pay fan, Mtn Peak bagger, Cord cutter",446,685,,
130,931782009592086528,"RT @AppleSupport: Forget your wallet. Set up Apple Pay, and shop with just your iPhone or Apple Watch. 

Learn more: https://t.co/ENfwjHHQH‚Ä¶",210,0,Twitter for iPhone,2017-11-18 07:11:57,51134756,tk3738,Prof. Walter,2009-06-26 17:02:38,Teacher | Ô£ø Senior Mac/iOS Support | Leadership training | Lifestyle Blogger | Wellness coach | Fan of Sci-Fi | Cosplayer | Charity work | Inspiring Others.,1071,875,,Lisbon
131,931781950825738240,RT @n0rm: Gotta say - #ApplePay auth via #TouchID on iPhone to buy things on the web via laptop is outstanding,1,0,Twitter for iPhone,2017-11-18 07:11:43,795162,stroker,lewis richards,2007-02-26 14:21:22,Cooking up a storm with @DXCTechnology #upgradeyourself Digital World Explorer. Welsh Morpheus,28151,8239,"Ixworth, England",London
132,931777203557289984,Time to always have cash on hand when running errands! When will these kettles accept #ApplePay?! @SalvationArmyUS https://t.co/oLfhdYw6iI,0,3,Twitter for iPhone,2017-11-18 06:52:51,23396302,mjriebel,Michael Riebel,2009-03-09 03:25:31,Travel & Entertainment Program Administrator at @MAMortensonCo | @DrakeUniversity Accounting & Management grad | #GoPackGo,819,777,"St Louis Park, MN",Central Time (US & Canada)
133,931775555573374976,"RT @AppleSupport: Forget your wallet. Set up Apple Pay, and shop with just your iPhone or Apple Watch. 

Learn more: https://t.co/ENfwjHHQH‚Ä¶",210,0,Twitter Web Client,2017-11-18 06:46:18,799207768947363840,212Hosting,212 hosting,2016-11-17 11:09:15,#212hosting,21,96,,Pacific Time (US & Canada)
134,931765652670615552,"RT @PassKit: Where can you use #ApplePay, #AndroidPay, and #SamsungPay? Check out the updated list of countries here: https://t.co/YziwnQNz‚Ä¶",1,0,Twitter for Android,2017-11-18 06:06:57,779792903707262982,virtrics,Virtrics,2016-09-24 21:21:30,Virtual Metrics -- RAD and ERD prototyping. We'll get you to MVP in 36 hours so that you can make critical business decisions today!,12,69,"Cape Town, South Africa",
135,931759100177793024,Using #ApplePay on the #iPhoneX is simply amazing.,1,1,Twitter for iPhone,2017-11-18 05:40:55,70603089,JIM_E824,JIMMY MENDOZA,2009-09-01 05:03:48,,140,482,"San Jose, CA",Pacific Time (US & Canada)
136,931752771493040128,@Apple iCloud does not support #ApplePay... why? ü§î,0,0,Twitter for iPhone,2017-11-18 05:15:46,402962461,MelvinPerezCx,Melvin P√©rez-Cedano,2011-11-01 20:38:12,I help people build better software better. Nothing I say here represents my employer. üá©üá¥,161,125,"Seattle, WA",
137,931751927553048576,@gte @gruber @jimcorreia @jessiechar The lock animation and the ApplePay press twice prompt will also become much more subtle,0,0,Twitter for iPhone,2017-11-18 05:12:25,7393862,jtregear,Jonathan Tregear,2007-07-11 05:48:53,,143,1015,New Mexico,Mountain Time (US & Canada)
138,931750915505352704,"RT @AppleSupport: Forget your wallet. Set up Apple Pay, and shop with just your iPhone or Apple Watch. 

Learn more: https://t.co/ENfwjHHQH‚Ä¶",210,0,Twitter Web Client,2017-11-18 05:08:24,912710614312787968,iPhone8XCases,iPhone8XCases,2017-09-26 16:09:02,"Best iPhone 8 Cases & Accessories The iPhone 8 will have a major design refresh. With that change, we are also getting new cases! iPhone 8 Cases! iPhone X",0,5,worldwide,
139,931744603778162688,"Can Jack Dorsey do a Musk move and merge Twitter with Square to beat Facebook, ApplePay cash, Paypal at instant/dir‚Ä¶ https://t.co/jK7L4Q669s",0,0,Twitter Web Client,2017-11-18 04:43:19,54907975,EvolvingViews,EvolvingViews,2009-07-08 14:18:18,"I use this to share my technology and business views, also available from http://t.co/Y6lJWqoFMs - #Technologist #Strategist #Entrepreneur #MBA #China",1020,177,"22.367072,114.05898",London
140,931742612632903680,"RT @AppleSupport: Forget your wallet. Set up Apple Pay, and shop with just your iPhone or Apple Watch. 

Learn more: https://t.co/ENfwjHHQH‚Ä¶",210,0,Twitter for iPhone,2017-11-18 04:35:24,1647298686,moazashraf007,Moaz Ashraf,2013-08-05 08:53:36,,142,21,Kolkata,Kolkata
141,931736793334145024,"RT @AppleSupport: Forget your wallet. Set up Apple Pay, and shop with just your iPhone or Apple Watch. 

Learn more: https://t.co/ENfwjHHQH‚Ä¶",210,0,Twitter for iPhone,2017-11-18 04:12:17,799468876870324224,quamecia,Quamecia Thomas,2016-11-18 04:26:48,PhotograpHER of QBT Photography,9,51,"South Carolina, USA",
142,931720389859860480,@iPhoneHackx I still find double-tapping the power button to activate #ApplePay a bit clumbsy. I often forget that‚Ä¶ https://t.co/B0m76rvvlP,0,0,Tweetbot for iŒüS,2017-11-18 03:07:06,18599131,btaroli,Bill Taroli,2009-01-04 09:04:07,"Into cars, photography, technology, LGBT issues, current events, politics, parenting, and my friends.",327,108,"SF Bay Area, CA",Pacific Time (US & Canada)
143,931718338253938688,"RT @AppleSupport: Forget your wallet. Set up Apple Pay, and shop with just your iPhone or Apple Watch. 

Learn more: https://t.co/ENfwjHHQH‚Ä¶",210,0,Twitter for iPhone,2017-11-18 02:58:56,15054207,rparada,rparada,2008-06-09 05:02:51,"WebObjects Developer since 1996 and Objective-C, AppKit (a.k.a. Cocoa) and EOF prior to that for 4 years.  Wrote device drivers for NeXTSTEP for Intel at NeXT.",126,184,Miami FL,Eastern Time (US & Canada)
144,931716922583822336,"Apple Scams America: Huge Tax Breaks, No Plans for U.S. Jobs From Most V... https://t.co/uqHuxir3SB via @YouTube‚Ä¶ https://t.co/8Nnmx12Ylu",0,0,Twitter for iPad,2017-11-18 02:53:19,16618211,terrieJ123,terrieJ123,2008-10-06 19:12:08,"Born in Miami Fl, of Cuban descent, and wife of Iranian atheist.",122,394,"Los Angeles,  CA",
145,931716229554827269,"trying to pay at @mcdonalds in japan:

#applepay = #failüê≥ 
@visa &amp; @america express = #failüê≥
cash = success

so muc‚Ä¶ https://t.co/McFyGjAnwT",0,3,Twitter for iPhone,2017-11-18 02:50:34,24789771,arishah,ari. ‚òÄÔ∏èüå¥üôåüèª,2009-03-16 22:59:37,‚úåüèª‚ô•Ô∏èü¶Ñ,181,178,,Pacific Time (US & Canada)
146,931714247146528768,@Target plz get set up with ApplePay already,3,2,Twitter for iPhone,2017-11-18 02:42:41,17800836,newmanhaley,Haley McDougall,2008-12-02 05:31:46,prone to wander,286,106,"Greenville, SC",Eastern Time (US & Canada)
147,931710300146958336,"RT @101babich: Payment Revolution: How Apple and Android Are Changing How We Pay for Products Today

https://t.co/Bd4C5STZri

#UX #UI #desi‚Ä¶",6,0,TweetCaster for Android,2017-11-18 02:27:00,40677549,cho2MLHC,Kukuh Syafaat,2009-05-17 15:33:46,"FOSS Enthusiast & Part Time Musician || Contact: kukuh[at]syafaat[dot]id ||
Some tweets by bots",1808,606,+62,Jakarta
148,931707344685355008,"@PiratePete89 Nice! Only thing I don‚Äôt like about mine is that it doesn‚Äôt have ApplePay, but that‚Äôs probably okay for my credit.",0,0,Twitter for iPhone,2017-11-18 02:15:15,13719852,beth3390,Beth Breidigam,2008-02-20 13:33:04,My heart is Purple and Gold. I like cats and Netflix. #ECU #HTTR #HBH #Caps #Nats,2616,375,"Greenville, NC",Central Time (US & Canada)
149,931706149337993216,I like seeing that @verizon (the My @Verizon app) now accepts Ô£ø Pay when purchasing accessories. Great move on thei‚Ä¶ https://t.co/pcJ6Mjh5Bc,0,1,Tweetbot for iŒüS,2017-11-18 02:10:30,497067921,iBeckTech,David Becker,2012-02-19 15:46:54,Journalism Major at @IowaStateU. Writer and social media manager for @teamappletoys. Opinions are my own.,646,996,"Ames, Iowa",Eastern Time (US & Canada)
150,931703256459329538,"Hey @Caltrain, how about make it easier to pay you? #clippercard sucks.  #creditcard #paypal #ApplePay #BTC all works",0,1,Twitter for iPhone,2017-11-18 01:59:01,532781217,hello2luke,Luke Lam,2012-03-22 00:51:10,Cryptocurrency enthusiast. Project Manager at https://t.co/gLgxrzIfdv.  My views are mine only.  My employer already got a bigger megaphone.,200,255,"San Francisco, CA",Arizona
151,931703014838226944,#WhyIOnlyBuyOnline More like the only time I buy online is with Ô£ø Pay. From someone who has had their card hacked b‚Ä¶ https://t.co/Hx7SAwATyr,1,1,Tweetbot for iŒüS,2017-11-18 01:58:03,497067921,iBeckTech,David Becker,2012-02-19 15:46:54,Journalism Major at @IowaStateU. Writer and social media manager for @teamappletoys. Opinions are my own.,646,996,"Ames, Iowa",Eastern Time (US & Canada)
152,931691585775038464,"RT @iBeckTech: Bought some @TWIZZLERS at a local gas station and even though the debit/credit card reader had the #NFC tap symbol on it, th‚Ä¶",1,0,Twitter for iPhone,2017-11-18 01:12:38,242888232,JumpingJeff63,Jeff Meredith,2011-01-25 20:45:08,"Software Developer, GIS, Security, Geophysics, Apple Pay fan, Mtn Peak bagger, Cord cutter",446,685,,
153,931682958917980160,RT @beacks: Paying using my watch is so cool #ing #applepay,2,0,Twitter Web Client,2017-11-18 00:38:21,923468406149574657,Kristen68793185,Kristen Mcclain,2017-10-26 08:36:40,,0,0,,
154,931682659562082305,"(Podcast) RGBA ‚Äì #70: It's Like Popcorn
https://t.co/v0EFRRAGEM
(Link in profile)
.
.
.
#podcast #techpodcast‚Ä¶ https://t.co/CjMTy878EU",0,0,IFTTT,2017-11-18 00:37:10,702558412635283456,_rgbafm,RGBA Podcast,2016-02-24 18:19:13,A weekly podcast by @vallieres and @tylermenard on technology ‚ö¨ Colorful tech news & reviews,37,76,"Montr√©al, Qu√©bec",Eastern Time (US & Canada)
155,931682062565654534,There are 52 banks that support ApplePay in Australia.  Why are you @CommBank not one of them ?,0,0,Twitter Web Client,2017-11-18 00:34:48,477498841,pagga01,Howard,2012-01-29 07:50:32,Logical.....Reasonable......That is all......,70,348,Australia,Brisbane
156,931677272104370177,"RT @n26: You can now use @N26 with #ApplePay in Italy, Spain and Finland! Read more on our blog. https://t.co/p1H0X0FG5X",80,0,Twitter for iPhone,2017-11-18 00:15:46,3921871762,yanne_boy,üç∏üÖ∞üéµüéµüìß_üÖ±‚≠ïüç∏,2015-10-10 21:27:14,"""But I'm trying, Ringo. I'm trying real hard to be the shepherd.""",445,1112,Ad ovest di Paperino,
157,931676925696778242,RT @Kradest: @thejimmyCASE so stoked to finally be able to order my #iphonex #jimmycase .  Can‚Äôt get over how easy it was to purchase on my‚Ä¶,1,0,Twitter Web Client,2017-11-18 00:14:23,1852020570,thejimmyCASE,jimmyCASE,2013-09-10 17:26:03,"The iPhone X Wallet Case is here. Free Shipping Worldwide. Handmade in Los Angeles, USA. https://t.co/ae8zMcKkjB",901,1446,"Los Angeles, CA",Pacific Time (US & Canada)
158,931676179207204864,@monzo support for #AndroidPay but not #ApplePay ??? #disappointed üòí,0,0,Twitter for iPhone,2017-11-18 00:11:25,60159272,AlanAsound,AlanAsound,2009-07-25 21:56:58,London-based singer-songwriter. 'AlanAsound' on social media. All music on: https://t.co/1yKU7Y6QFh Booking: colingoupil@gmail.com,2858,880,"London, UK",London
159,931670476539211776,Soooo I found out today that our vending machines take ApplePay,0,1,Twitter for iPhone,2017-11-17 23:48:45,774743810899341312,sjgregorius,Stacie Gregorius,2016-09-10 22:58:13,Ms. G üôãüèª science teacher üìì üí° üî¨ cheer coach üéÄ ü•á educational leader üìù ‚öñÔ∏è Mays Ride üíôüíõüíô,75,91,"Downtown, Atlanta",
160,931669432161640448,Anybody else always get decline info when using #ApplePay with @SwissChaletCA or any of the other @SCENECard restau‚Ä¶ https://t.co/Rd61tSnjVh,0,0,Twitter for iPhone,2017-11-17 23:44:36,829358225497661442,GaymerPolitico,Mike,2017-02-08 15:56:24,"Proud Canadian (150 years strong), Gaymer (Nintendo/Sony), proud social democrat, Apple fan, and Star Wars nerd! Happily found my Player 2!",121,627,"Ontario, Canada",
161,931664269409705985,"Definitely needed a car wash lol #applepay (at @ARCO in West Covina, CA) https://t.co/1vFYGccEz8",0,0,Foursquare,2017-11-17 23:24:05,2682890527,gonzo2191,Christopher Gonzalez,2014-07-26 17:39:10,"We all die. The goal isn‚Äôt to live forever, the goal is to create something that will.",624,680,USA,Pacific Time (US & Canada)
162,931661970419228672,"@smallbizwithliz @Chelsea_Fagan @mint @BurgerFuel Lol, PayWave is so ubiquitous here that when I do come across pla‚Ä¶ https://t.co/QxsxN67Qrn",0,1,Twitterrific,2017-11-17 23:14:57,97769756,sarahhbickerton,Sarah Hendrica Bickerton üë©üèª‚Äçüíª,2009-12-18 23:16:57,"Just a PhD student surfing the interregnum, looking for espresso and researching the online. Geek, sociologist, feminist, urbanist, design-nut, lover of trains.",1879,2009,"Wellington, New Zealand",Wellington
163,931661394398781440,@Mastercard So how is this better than #ApplePay?,0,0,Twitter for iPhone,2017-11-17 23:12:40,2812492482,Thailer_Jaymz,Tyler James,2014-09-16 05:58:35,Keeping businesses honest & accountable one tweet at a time. Strictly Apple. Exclusively Apple Pay. #apple #nfc #creditguru #nintendo #switch #gaymer,76,322,"Portland, OR",Pacific Time (US & Canada)
164,931655196408770560,"#Blockchain will eliminate the shadow markets in our financial systems and, combined with #ApplePay, will allow you‚Ä¶ https://t.co/mWUm6GZfiZ",2,2,HubSpot,2017-11-17 22:48:02,346737781,SagenceInc,Sagence,2011-08-01 19:19:24,Sagence understands there is no one-size-fits-all approach to managing data.,166,312,"Chicago, IL",Central Time (US & Canada)
165,931646336813883392,Bought some @TWIZZLERS at a local gas station and even though the debit/credit card reader had the #NFC tap symbol‚Ä¶ https://t.co/NpqC1O7Uzi,1,0,Tweetbot for iŒüS,2017-11-17 22:12:50,497067921,iBeckTech,David Becker,2012-02-19 15:46:54,Journalism Major at @IowaStateU. Writer and social media manager for @teamappletoys. Opinions are my own.,646,996,"Ames, Iowa",Eastern Time (US & Canada)
166,931644879024934914,"#ApplePay Cash Alternatives: Third-Party Apps to Send &amp; Receive Money
https://t.co/28rBC32vGO",0,0,Buffer,2017-11-17 22:07:02,2717095326,howtoisolve,Howtoisolve.com,2014-08-08 13:33:31,"This Twitter page gives on #Apple #iPhone, iPad, iPod Touch,#AppleWatch and Mac OS updates. iOS problem, Apps reviews Lets join with US, To get daily dose.",473,1258,USA,Pacific Time (US & Canada)
167,931643895456370690,"What do banks need to know about integrating with #ApplePay? #mobilepayments 
https://t.co/JPgBueEjhB?",0,0,HubSpot,2017-11-17 22:03:08,248737930,RambusPayments,Rambus Payments,2011-02-07 16:34:17,"News and views from the #payments group at Rambus.

Check out our latest resources: https://t.co/nn9PvN3aLq",1612,758,"Rotterdam, The Netherlands",Pacific Time (US & Canada)
168,931643648860704768,Sending payments has never been easier. Follow these steps to set up #ApplePayCash! https://t.co/yARiB23bSb‚Ä¶ https://t.co/774apDz19w,0,2,SocialPilot.co,2017-11-17 22:02:09,40247370,SupportMyMac,SupportMyMac,2009-05-15 14:13:16,"Enterprise Apple Support, Training & Consulting for creative teams, government, and healthcare | Ottawa, Montreal, Toronto",429,625,Ottawa,Eastern Time (US & Canada)
169,931642832502362112,Gotta say - #ApplePay auth via #TouchID on iPhone to buy things on the web via laptop is outstanding,1,1,Tweetbot for Mac,2017-11-17 21:58:55,20842878,n0rm,Norm Driskell,2009-02-14 11:45:31,@totkat's husband // Director EMEA at @awscloud // ex-CDO @ukhomeoffice // ex-@RazorfishLondon // #loveparkrun,1950,921,,London
170,931641468841746432,@smallbizwithliz @Chelsea_Fagan @mint Which is weird because the NZ banking system is MILES ahead of the mess that‚Ä¶ https://t.co/MHHvdQ0Ou4,0,2,Twitterrific,2017-11-17 21:53:29,97769756,sarahhbickerton,Sarah Hendrica Bickerton üë©üèª‚Äçüíª,2009-12-18 23:16:57,"Just a PhD student surfing the interregnum, looking for espresso and researching the online. Geek, sociologist, feminist, urbanist, design-nut, lover of trains.",1879,2009,"Wellington, New Zealand",Wellington
171,931631799989669888,"RT @ASPnix: Improve your #customer relations with top-quality #modules, #addons, #payment gateways &amp; more for #WHMCS!

More Info, Visit Us:‚Ä¶",1,0,php bot ,2017-11-17 21:15:04,921422430421340161,PhpPhpbot,php bot,2017-10-20 17:06:41,,386,4026,,
172,931628008963686406,"Improve your #customer relations with top-quality #modules, #addons, #payment gateways &amp; more for #WHMCS!

More Inf‚Ä¶ https://t.co/mnaZsNV89s",1,0,TweetDeck,2017-11-17 21:00:00,26185796,ASPnix,ASPnix Web Hosting,2009-03-24 05:37:38,"ASPnix Web Hosting offers premium shared, virtual, cloud and dedicated hosting solutions to clients around the world.",6622,0,"Denver, CO, USA",Mountain Time (US & Canada)
173,931623241592049664,RT @MarcRennard: Our Spanish customers can now pay with their iPhone &amp; @Orange : #OrangeCash now integrates #ApplePay in Spain ! https://t.‚Ä¶,38,0,Twitter for Android,2017-11-17 20:41:04,2668707192,jeanphi230359,Jean Philippe Leroy,2014-07-22 07:46:59,Directeur des Relations avec les Collectivit√©s Locales de Seine et Marne @Orange #Collectivit√©s Locales #collter #Fibre,103,132,,
174,931617462562549760,"How companies like @Honda, @SamsungUS and @coin are shaping the future of #MobilePayment https://t.co/XBA020SMFy #NFC #ApplePay",0,0,Meet Edgar,2017-11-17 20:18:06,31162892,MentorMate,MentorMate,2009-04-14 16:41:42,"Digital Ideas Accelerated // Global #SoftwareDevelopment team, 400 members strong // Tweets by @iRyanPena & @chandlerquinn",3775,2674,"Minneapolis, MN",Central Time (US & Canada)
175,931606875367280640,Sorry @Smashburger good chance I‚Äôll not return to the #RoyalOak location since they don‚Äôt support #ApplePay - good food but no convenience.,0,0,Twitter for iPhone,2017-11-17 19:36:02,326969661,EthanRaiin,Mr. E,2011-06-30 19:48:59,,9,30,Canada,
176,931604340162392064,"RT @AppleSupport: Forget your wallet. Set up Apple Pay, and shop with just your iPhone or Apple Watch. 

Learn more: https://t.co/ENfwjHHQH‚Ä¶",210,0,Twitter for iPhone,2017-11-17 19:25:57,431981154,Michelle_bb03,BMMM1,2011-12-08 22:19:31,Follow me an instagram @michelle_liz00,179,276,Santo Domingo,
177,931603999966617601,@AppleSupport Great! But when it‚Äôs available in Germany?! üôÑ @Apple #applepay #cantwait,0,0,Twitter for iPhone,2017-11-17 19:24:36,911942911788544001,2TomCo,Tommy Cooper,2017-09-24 13:18:28,#VfB ‚öΩÔ∏è #applefan üçè #MotoGP üèÅ,2,58,,
178,931603580108378112,The clerk at @caseysgenstore complimented me for using Ô£ø Pay. Love it when they do this and it‚Äôs another reason why‚Ä¶ https://t.co/G6JRWNd4XS,0,1,Tweetbot for iŒüS,2017-11-17 19:22:56,497067921,iBeckTech,David Becker,2012-02-19 15:46:54,Journalism Major at @IowaStateU. Writer and social media manager for @teamappletoys. Opinions are my own.,646,996,"Ames, Iowa",Eastern Time (US & Canada)
179,931601929507098625,"@Adzkiii Hi Adam, have you recently downloaded Applepay on multiple devices? Drop me a DM with your postcode and I'‚Ä¶ https://t.co/3bjTVhuvar",0,0,Conversocial,2017-11-17 19:16:22,14786138,Barclaycard,Barclaycard,2008-05-15 13:49:14,"Welcome to the Barclaycard Twitter page. You‚Äôll find news, offers, prize draws and more. Tweet the team Mon-Fri 8am-8pm & Sat/Sun 9am-5pm.",27399,9590,,London
180,931601114704896000,My Verizon app gets #ApplePay functionality @verizon ‚úÖ,0,1,Twitter for iPhone,2017-11-17 19:13:08,178055965,mikeymangin,Michael Mangin,2010-08-13 19:14:43,fabrique en italia. car enthusiast. tech writer. philanthropist. a future apple executive.  Ô£ø,243,434,new jersey,Eastern Time (US & Canada)
181,931600835339055110,.@Apple Pay users get #free @Postmates deliveries: https://t.co/9QyFiZa3kh #ApplePay https://t.co/lMwhXMEst6,0,0,Sprout Social,2017-11-17 19:12:02,57376328,pymnts,PYMNTS,2009-07-16 16:36:07,"Telling Your Story to the Most Influential Decision Makers in Payments, Commerce and Retail.
What's next in payments and commerce‚Ñ¢",45578,2740,"Boston, MA",Eastern Time (US & Canada)
182,931599257949237248,. @Chase When/why did ApplePay verification become so inefficient and difficult?,0,0,Twitter for iPhone,2017-11-17 19:05:46,14416339,TransRapid,Michael Nolhan,2008-04-17 03:31:24,Artist of Life | Food & Design | Visual & Culinary Arts | MTB,753,575,"Los Angeles, CA",Pacific Time (US & Canada)
183,931599192492929025,"RT @ejmurphycomedy: As the holidays approach be nice to people who might be lonelier than a #Starbucks tip jar in the advent of #ApplePay,‚Ä¶",1,0,Twitter for iPhone,2017-11-17 19:05:30,30138443,cascalonginess,Paul Keefer,2009-04-10 02:38:40,,87,240,"Colorado Springs, CO",Central Time (US & Canada)
184,931595857530470400,"@AppleSupport 7 Plus, iOS 11.1.2, I have to go thru ApplePay screen via double press on the home button  to get to the home screen.",0,0,Twitter for iPhone,2017-11-17 18:52:15,320143479,ola_au_no_kela,Patrick Rodrigues,2011-06-19 11:30:54,"Love, harmony and inner peace.",10,28,"Lihue, HI",
185,931592759005405186,"Well, on my way to the #DisneyWonder and I FORGOT MY WALLET!! #nocash #vagabond #applepay https://t.co/nyhW2m9VAy",0,0,Facebook,2017-11-17 18:39:56,541102004,TheHeathShow,Heath Hyche,2012-03-30 20:22:43,"The Heath Show, a one man, high energy, sketch show.  Quick-change costumes, original music, sound effects, and cleverly constructed props!",336,101,,Pacific Time (US & Canada)
186,931585850625835009,"RT @AppleSupport: Forget your wallet. Set up Apple Pay, and shop with just your iPhone or Apple Watch. 

Learn more: https://t.co/ENfwjHHQH‚Ä¶",210,0,Twitter for Android,2017-11-17 18:12:29,2415790147,vineet_ravi,Vineet Ravi,2014-03-28 11:38:44,"Software engineer by profession, biker, gamer, pet lover.",14,121,"Bengaluru South, India",
187,931583922848387072,RT @Jasminegirlie: A really good standout social media marketing example! Have you tried Apple Pay yet? It‚Äôs an easy and fast mobile paymen‚Ä¶,1,0,Twitter Web Client,2017-11-17 18:04:49,867234095537020929,sallopopa1976,Kim Hill,2017-05-24 04:21:35,,18,1,,
188,931582865887940608,"RT @AppleSupport: Forget your wallet. Set up Apple Pay, and shop with just your iPhone or Apple Watch. 

Learn more: https://t.co/ENfwjHHQH‚Ä¶",210,0,Twitter for iPhone,2017-11-17 18:00:37,3151051328,dani_dani4811,Dani,2015-04-12 08:36:55,,53,362,,
189,931581251475054592,Does Aldi Accept #ApplePay? https://t.co/R8UggZIsd5,0,0,dlvr.it,2017-11-17 17:54:12,17497054,stiel,Dan Stiel,2008-11-19 22:00:47,"I don't fight with bulls, swim with sharks, or fly wearing wingsuits. I'm just a marketing guy who likes to share interesting news w/friends.",1717,75,"Newport Beach, CA",Pacific Time (US & Canada)
190,931574352960806912,Can you use @Apple Pay at @AldiUSA stores? Find the forms of payment at #Aldi here: https://t.co/0Py0mIWeqf‚Ä¶ https://t.co/a8FpiOSJdk,0,0,Twitter Web Client,2017-11-17 17:26:48,15178587,savingadvice,savingadvice,2008-06-20 10:43:52,"Basic information on all aspects of personal finance to help you live debt free.   Join us in our forums: https://t.co/pKtPI4us66

https://t.co/EjIX7uhhpf",7051,5945,United States,Pacific Time (US & Canada)
191,931572102167011328,"RT @AppleSupport: Forget your wallet. Set up Apple Pay, and shop with just your iPhone or Apple Watch. 

Learn more: https://t.co/ENfwjHHQH‚Ä¶",210,0,Twitter for iPhone,2017-11-17 17:17:51,120430282,durgeshskumar,Durgesh Tantiya,2010-03-06 12:04:10,Employee Engagement | Corporate Relations | Business Behavioral Studies | Value Engineering Practices | Asset Integrity & Information Management,690,109,Vadodara,Hawaii
192,931569057073061888,"While selling my iPhone 7 Plus the other day, I came to the quick realization that I have no clue what a real $100‚Ä¶ https://t.co/IOdMr3sYdo",0,0,Tweetbot for iŒüS,2017-11-17 17:05:45,73055729,codesandlifts,Christopher Lai,2009-09-10 06:11:35,,107,63,,Pacific Time (US & Canada)
193,931568424970539008,"RT @AppleSupport: Forget your wallet. Set up Apple Pay, and shop with just your iPhone or Apple Watch. 

Learn more: https://t.co/ENfwjHHQH‚Ä¶",210,0,Twitter for iPhone,2017-11-17 17:03:14,225048638,fiifibiNeyTs,Fiifi Bineyüëï,2010-12-10 14:58:58,Colombian Height 1.9566 meters üå∫üí´,2518,947,with God,London
194,931566719306518528,RT @MarcRennard: Our Spanish customers can now pay with their iPhone &amp; @Orange : #OrangeCash now integrates #ApplePay in Spain ! https://t.‚Ä¶,38,0,Twitter for iPhone,2017-11-17 16:56:28,71590899,danedos,marie,2009-09-04 17:41:02,,6,53,,
195,931566048050065408,RT @antgrasso: @MCins_ @Sam_C_Evans @nigelwalsh @JimMarous @denisegarth @ChristofMascher @TunstallAsc @guzmand @stratorob @SpirosMargaris @‚Ä¶,2,0,Twitter Web Client,2017-11-17 16:53:48,28428563,denisegarth,Denise Garth,2009-04-02 21:50:46,"Acknowledged strategic thinker, international speaker and writer on key issues facing insurance.  Creative & innovative thinker on future of insurance.",1650,1231,Omaha Nebraska,Central Time (US & Canada)
196,931563097323593728,FYI: Latest auctions per #ApplePay https://t.co/Ar0is7rj3C https://t.co/Snj9RaozLg,0,0,dlvr.it,2017-11-17 16:42:04,3266995328,bitcointonic,Julia Edling,2015-07-03 10:29:30,Student and interested in #Bitcoin,6750,1665,"Virginia, USA",Pacific Time (US & Canada)
197,931562679185084416,"@ocean363 @Jack_3512 Yep, all sorted now. Contributed via Applepay! Thanks, C.",0,1,Twitter for iPhone,2017-11-17 16:40:24,93458477,Piech42,Rich Piechowski,2009-11-29 19:04:09,I'm a geek who likes to entertain. Loves Sci-fi & Fantasy. Fav shows #Continuum #GameOfThrones #GhostWars #VanHelsing #DoctorWho. Beware the Hashtag games!,4356,4926,Disunited Kingdom of Brexit,
198,931561737320480768,"RT @AppleSupport: Forget your wallet. Set up Apple Pay, and shop with just your iPhone or Apple Watch. 

Learn more: https://t.co/ENfwjHHQH‚Ä¶",210,0,Twitter for Android,2017-11-17 16:36:40,912017264429359104,DennyAir3652,Deniston Joshua,2017-09-24 18:13:55,"Space Enthusiast,tech guy,apple fan,robotics Enthusiast,linkin park fan,believes in extraterrestrial intelligence,wants to make time travel a reality.",18,146,,
199,931557762995245056,@ocean363 @Jack_3512 @Indiegogo @dogbitemovie I might have to use Applepay too because I don‚Äôt like the bank card s‚Ä¶ https://t.co/jgnit0AO2p,0,2,Twitter for iPhone,2017-11-17 16:20:52,93458477,Piech42,Rich Piechowski,2009-11-29 19:04:09,I'm a geek who likes to entertain. Loves Sci-fi & Fantasy. Fav shows #Continuum #GameOfThrones #GhostWars #VanHelsing #DoctorWho. Beware the Hashtag games!,4356,4926,Disunited Kingdom of Brexit,
200,931556695532277760,Goodbye @CapitalOneUK your failure to support #applepay has caused me to move to a better provider @RBS @RBS_Help a‚Ä¶ https://t.co/8atjO0USCc,0,1,Twitter for iPhone,2017-11-17 16:16:38,372477959,mrobertson_92,michael robertson üè¥Û†ÅßÛ†Å¢Û†Å≥Û†Å£Û†Å¥Û†Åø,2011-09-12 21:05:11,craft beer and real ale lover. technology and smart home Enthusiast. Scottish independence supporter üè¥Û†ÅßÛ†Å¢Û†Å≥Û†Å£Û†Å¥Û†Åøüè¥Û†ÅßÛ†Å¢Û†Å≥Û†Å£Û†Å¥Û†Åøüè¥Û†ÅßÛ†Å¢Û†Å≥Û†Å£Û†Å¥Û†Åø,99,503,"55.899078,-3.60453",Amsterdam
201,931556295697604608,RT @edmundsfly: Forgot my wallet at home.  Thank God @Starbucks accepts #ApplePay :) #coffee https://t.co/fR13zALkSI,1,0,Twitter for iPhone,2017-11-17 16:15:03,3072064951,TTStarbuxCups,TakeThatStarbuxCupsAndIGuessAlsoKeurigNowAndVolvo‚ùì,2015-03-10 22:28:24,Coffee has no right to be pushing their anti-religious and pro-spelling error agenda on us! The most #basic #TTCoT of all.,425,104,Every corner in America ,Pacific Time (US & Canada)
202,931555930130415616,"RT @101babich: Payment Revolution: How Apple and Android Are Changing How We Pay for Products Today

https://t.co/Bd4C5STZri

#UX #UI #desi‚Ä¶",6,0,Twitter for Android,2017-11-17 16:13:35,198286081,DesignAvenger,Salman Shah,2010-10-03 21:48:49,"Lead Product Designer.Thinker.Reviewer(Movies and TV shows) Crafting @statusbrew and @designavengers, previously @crowdfire, @musejam @fabhotels",2405,2116,"New Delhi, India",New Delhi
203,931552445175447552,"RT @AppleSupport: Forget your wallet. Set up Apple Pay, and shop with just your iPhone or Apple Watch. 

Learn more: https://t.co/ENfwjHHQH‚Ä¶",210,0,Twitter for iPhone,2017-11-17 15:59:44,211149444,ghyslainb,Ghyslain Brazeau,2010-11-02 13:22:08,"Amateur photographer, techno-gadget junkie, sport/fitness freak and Apple fan-boy. Let's not forget the love for two wheels",44,176,"Edmonton, Alberta",
204,931550308559286272,"Big iOS 11.2 Update Brings #ApplePay Cash, iPhone X Fix https://t.co/FJBpygngLK",0,0,dlvr.it,2017-11-17 15:51:15,17497054,stiel,Dan Stiel,2008-11-19 22:00:47,"I don't fight with bulls, swim with sharks, or fly wearing wingsuits. I'm just a marketing guy who likes to share interesting news w/friends.",1717,75,"Newport Beach, CA",Pacific Time (US & Canada)
205,931548300674609153,@101babich Also #ApplePay can be used with the phone locked because you have to secure with Touch ID or Face ID to use it.,0,0,Twitter for iPhone,2017-11-17 15:43:16,2812492482,Thailer_Jaymz,Tyler James,2014-09-16 05:58:35,Keeping businesses honest & accountable one tweet at a time. Strictly Apple. Exclusively Apple Pay. #apple #nfc #creditguru #nintendo #switch #gaymer,76,322,"Portland, OR",Pacific Time (US & Canada)
206,931547663408930816,@101babich Except #AndroidPay you do have to open an app and the tokens are stored in a cloud for offline use up to‚Ä¶ https://t.co/5Y6rQ6JxkT,0,0,Twitter for iPhone,2017-11-17 15:40:44,2812492482,Thailer_Jaymz,Tyler James,2014-09-16 05:58:35,Keeping businesses honest & accountable one tweet at a time. Strictly Apple. Exclusively Apple Pay. #apple #nfc #creditguru #nintendo #switch #gaymer,76,322,"Portland, OR",Pacific Time (US & Canada)