APPLEPAY,APPLESUPPORT
APPLEPAY,FINTECH
APPLEPAY,MOBILEPAYMENTS
APPLEPAY,PAYPAL
APPLEPAY,MASTERPASS
APPLEPAY,ANDROIDPAY
APPLEPAY,VISACHECKOUT
APPLEPAY,SAMSUNGPAY
APPLEPAY,N26
APPLEPAY,RETAIL
APPLEPAY,APPLE
APPLEPAY,ECOMMERCE
APPLEPAY,PAYMENTS
APPLEPAY,TIMCOOK
APPLEPAY,BITCOIN
APPLEPAY,CASH
APPLEPAY,JUSTGIVING
APPLEPAY,IPHONEX
APPLEPAY,APPLEWATCH
APPLEPAY,TARGET
APPLEPAY,IPHONE
APPLEPAY,SQUARE
APPLEPAY,BLACKFRIDAY
APPLEPAY,FACEID
APPLEPAY,NFC
APPLEPAY,REVOLUTAPP
APPLEPAY,COMMBANK
APPLEPAY,WESTPAC
APPLEPAY,MONZO
APPLESUPPORT,APPLEPAY
APPLESUPPORT,APPLE
FINTECH,APPLEPAY
FINTECH,MOBILEPAYMENTS
FINTECH,PAYPAL
FINTECH,MASTERPASS
FINTECH,ANDROIDPAY
FINTECH,VISACHECKOUT
FINTECH,SAMSUNGPAY
MOBILEPAYMENTS,APPLEPAY
MOBILEPAYMENTS,FINTECH
MOBILEPAYMENTS,PAYPAL
MOBILEPAYMENTS,MASTERPASS
MOBILEPAYMENTS,ANDROIDPAY
MOBILEPAYMENTS,VISACHECKOUT
MOBILEPAYMENTS,SAMSUNGPAY
MOBILEPAYMENTS,CASH
PAYPAL,APPLEPAY
PAYPAL,FINTECH
PAYPAL,MOBILEPAYMENTS
PAYPAL,MASTERPASS
PAYPAL,ANDROIDPAY
PAYPAL,VISACHECKOUT
PAYPAL,SAMSUNGPAY
MASTERPASS,APPLEPAY
MASTERPASS,FINTECH
MASTERPASS,MOBILEPAYMENTS
MASTERPASS,PAYPAL
MASTERPASS,ANDROIDPAY
MASTERPASS,VISACHECKOUT
MASTERPASS,SAMSUNGPAY
ANDROIDPAY,APPLEPAY
ANDROIDPAY,FINTECH
ANDROIDPAY,MOBILEPAYMENTS
ANDROIDPAY,PAYPAL
ANDROIDPAY,MASTERPASS
ANDROIDPAY,VISACHECKOUT
ANDROIDPAY,SAMSUNGPAY
ANDROIDPAY,APPLE
ANDROIDPAY,"APPLEPAY,"
ANDROIDPAY,NFC
ANDROIDPAY,REVOLUTAPP
VISACHECKOUT,APPLEPAY
VISACHECKOUT,FINTECH
VISACHECKOUT,MOBILEPAYMENTS
VISACHECKOUT,PAYPAL
VISACHECKOUT,MASTERPASS
VISACHECKOUT,ANDROIDPAY
VISACHECKOUT,SAMSUNGPAY
SAMSUNGPAY,APPLEPAY
SAMSUNGPAY,FINTECH
SAMSUNGPAY,MOBILEPAYMENTS
SAMSUNGPAY,PAYPAL
SAMSUNGPAY,MASTERPASS
SAMSUNGPAY,ANDROIDPAY
SAMSUNGPAY,VISACHECKOUT
SAMSUNGPAY,PAYMENTS
SAMSUNGPAY,"APPLEPAY,"
N26,APPLEPAY
RETAIL,APPLEPAY
RETAIL,APPLE
RETAIL,CYBERMONDAY
RETAIL,ECOMMERCE
RETAIL,BLACKFRIDAY
APPLE,APPLEPAY
APPLE,APPLESUPPORT
APPLE,ANDROIDPAY
APPLE,RETAIL
APPLE,TIMCOOK
APPLE,JUSTGIVING
APPLE,IPHONEX
APPLE,APPLEWATCH
APPLE,IPHONE
APPLE,BLACKFRIDAY
APPLE,COMMBANK
APPLE,WESTPAC
APPLE,MONZO
CYBERMONDAY,RETAIL
CYBERMONDAY,ECOMMERCE
ECOMMERCE,APPLEPAY
ECOMMERCE,RETAIL
ECOMMERCE,CYBERMONDAY
ECOMMERCE,PAYMENTS
PAYMENTS,APPLEPAY
PAYMENTS,SAMSUNGPAY
PAYMENTS,ECOMMERCE
PAYMENTS,TIMCOOK
PAYMENTS,"APPLEPAY,"
PAYMENTS,IPHONEX
PAYMENTS,FACEID
TIMCOOK,APPLEPAY
TIMCOOK,APPLE
TIMCOOK,PAYMENTS
"APPLEPAY,",ANDROIDPAY
"APPLEPAY,",SAMSUNGPAY
"APPLEPAY,",PAYMENTS
"APPLEPAY,",BITCOIN
"APPLEPAY,",CASH
"APPLEPAY,",SFFED
"APPLEPAY,",SQUARE
"APPLEPAY,",MONZO
BITCOIN,APPLEPAY
BITCOIN,"APPLEPAY,"
BITCOIN,CASH
BITCOIN,SFFED
BITCOIN,REVOLUTAPP
CASH,APPLEPAY
CASH,MOBILEPAYMENTS
CASH,"APPLEPAY,"
CASH,BITCOIN
CASH,SFFED
CASH,SQUARE
SFFED,"APPLEPAY,"
SFFED,BITCOIN
SFFED,CASH
SFFED,SQUARE
JUSTGIVING,APPLEPAY
JUSTGIVING,APPLE
IPHONEX,APPLEPAY
IPHONEX,APPLE
IPHONEX,PAYMENTS
IPHONEX,IPHONE
IPHONEX,FACEID
IPHONEX,NFC
APPLEWATCH,APPLEPAY
APPLEWATCH,APPLE
APPLEWATCH,IPHONE
TARGET,APPLEPAY
IPHONE,APPLEPAY
IPHONE,APPLE
IPHONE,IPHONEX
IPHONE,APPLEWATCH
SQUARE,APPLEPAY
SQUARE,"APPLEPAY,"
SQUARE,CASH
SQUARE,SFFED
BLACKFRIDAY,APPLEPAY
BLACKFRIDAY,RETAIL
BLACKFRIDAY,APPLE
FACEID,APPLEPAY
FACEID,PAYMENTS
FACEID,IPHONEX
NFC,APPLEPAY
NFC,ANDROIDPAY
NFC,IPHONEX
REVOLUTAPP,APPLEPAY
REVOLUTAPP,ANDROIDPAY
REVOLUTAPP,BITCOIN
COMMBANK,APPLEPAY
COMMBANK,APPLE
WESTPAC,APPLEPAY
WESTPAC,APPLE
