#ApplePay,@BrianRoemmele:,@PayFinders,,,,,,,,,,,
@AppleSupport:,,,,,,,,,,,,,
@TD_Canada:,,,,,,,,,,,,,
#FinTech,#MobilePayments?,#Applepay,#Paypal,#Masterpass,#Androidpay,#VisaCheckout,#SamsungPay,@MikeQuindazzi:,,,,,
#FinTech,#MobilePayments?,#Applepay,#Paypal,#Masterpass,#Androidpay,#VisaCheckout,#SamsungPay_,,,,,,
#ApplePay,@n26:,@N26,,,,,,,,,,,
#OrangeCash,#ApplePay,@MarcRennard:,@Orange,,,,,,,,,,
#Retail,#ApplePay,@ChrisHolmesWIN:,.@BRPConsulting,,,,,,,,,,
#Retail,#ApplePay,.@BRPConsulting,,,,,,,,,,,
@kendraowenss:,,,,,,,,,,,,,
#UberHack.,@lennythepen:,@Uberfailjimmy,@Apple,@ApplePay,,,,,,,,,
#UberHack._,@Uberfailjimmy,@Apple,@ApplePay,,,,,,,,,,
#CyberMonday,#ecommerce,#retail,@CStoreNews_:,,,,,,,,,,
#CyberMonday,#ecommerce,#retail,,,,,,,,,,,
#Uber,#iPhones,#ApplePay?,@lennythepen:,@Applepay,,,,,,,,,
#Uber,#iPhones,#ApplePay?,@Applepay,,,,,,,,,,
#ApplePay,#Ecommerce,#payments,@rob2775:,,,,,,,,,,
#ApplePay,#Ecommerce,#payments,,,,,,,,,,,
"#Thanksgiving,",#ApplePay,@SavetheChildren:,,,,,,,,,,,
#Apple,@lennythepen:,@Uberfailjimmy,@Apple,@ApplePay,@tim_cook,@FBI,,,,,,,
#Apple,@Uberfailjimmy,@Apple,@ApplePay,@tim_cook,@FBI,,,,,,,,
"#Thanksgiving,",#ApplePay,,,,,,,,,,,,
"#ApplePay,",#Bitcoin,"#Square,",#cash,#SFFed,@sffed:,,,,,,,,
#ApplePay.,@reneritchie:,,,,,,,,,,,,
#ApplePay.,,,,,,,,,,,,,
"#ApplePay,",#Bitcoin,"#Square,",#cash,#SFFed,,,,,,,,,
#ApplePay,#charities,@JGcauses:,@JustGiving,,,,,,,,,,
#ApplePay,#charities,@JustGiving,,,,,,,,,,,
#digitalization,#apple,@netana_80:,,,,,,,,,,,
#UX,#UI,#desi_,@101babich:,,,,,,,,,,
#ApplePay,@appleinsider:,.@Apple,,,,,,,,,,,
#ApplePay,.@Apple,,,,,,,,,,,,
#ApplePay,@CombatStress:,@justgiving,@Apple,,,,,,,,,,
@ABUDiapers:,,,,,,,,,,,,,
#ApplePay,@justgiving,@Apple_,,,,,,,,,,,
#ApplePay.,#DubaiPolice,#YourSecurityOurHappiness,@DubaiPoliceHQ:,,,,,,,,,,
#CyberMondayEC,#ecommerce,#CyberSecurity,#CyberMonday,#retail,@CStoreNews_:,,,,,,,,
#CyberMondayEC,#ecommerce,#CyberSecurity,#CyberMonday,#retail,,,,,,,,,
#ApplePay.,#DubaiPolice,#YourSecurityOurHappiness,,,,,,,,,,,
#ApplePay,@jon_bedford:,,,,,,,,,,,,
#ApplePay,,,,,,,,,,,,,
#ApplePay,@technewsinc:,,,,,,,,,,,,
#ApplePay,,,,,,,,,,,,,
#familytravel,_#ApplePay,@Vacatia:,_@AmazonPay,,,,,,,,,,
#familytravel,_#ApplePay,_@AmazonPay,,,,,,,,,,,
#ApplePay,#iPhoneX,#Si_,@iPhoneHackx:,,,,,,,,,,
#ApplePay_,,,,,,,,,,,,,
@Uberfailjimmy:,@lennythepen,@Apple,@ApplePay,@tim_cook,@FBI,,,,,,,,
@lennythepen,@Apple,@ApplePay,@tim_cook,@FBI,,,,,,,,,
#TeamSarcoma,#ApplePay.,@Sarcoma_UK:,@JustGiving.,,,,,,,,,,
#ApplePay,@justgiving,@Apple_,,,,,,,,,,,
#TeamSarcoma,#ApplePay.,@JustGiving.,,,,,,,,,,,
#AppleWatch,#AppleWatchSeries3,#applepay,#wearables_,@LifeHacksIRL:,,,,,,,,,
#AppleWatch,#AppleWatchSeries3,#applepay,#wearables,#tech,,,,,,,,,
@ushyaku:,@ushyaku,,,,,,,,,,,,
#Puromac,@flaviog:,@fe_,,,,,,,,,,,
#Puromac,,,,,,,,,,,,,
@Dazeinfo:,,,,,,,,,,,,,
#ApplePay,@kevinkeitai:,@AskTarget,,,,,,,,,,,
#ApplePay,#GoodGrief,@ChrisMcCrackin:,@Target,,,,,,,,,,
#ApplePay,@AskTarget,,,,,,,,,,,,
#Vevue,#ApplePay.,#fintech,#ICO,#cry_,@govevue:,,,,,,,,
@ushyaku,,,,,,,,,,,,,
#ApplePay,#getwiththetimes,#badus_,@WilliamKluss:,@HEB,,,,,,,,,
#ApplePay,#getwiththetimes_,@HEB,,,,,,,,,,,
@newmanhaley:,@Target,,,,,,,,,,,,
#Vevue,#ApplePay.,,,,,,,,,,,,
#iPhone,#ApplePay,#SaturdayMotivation,@Daily_Dripper:,@Apple,,,,,,,,,
#ApplePay,#Titanium,@hansemannnn:,@braintree,,,,,,,,,,
#iPhone,#ApplePay,#SaturdayMotivation,@Apple,,,,,,,,,,
@zcichy,,,,,,,,,,,,,
#CyberMonday,#ecommerce,#retail,,,,,,,,,,,
#applepay,#AndroidPay,#contactless,@Phronesis_inc:,,,,,,,,,,
#applepay,#AndroidPay,#contactless,,,,,,,,,,,
#iOS,#applepay,#AppleWatch,@tkradio:,@wmata,@Apple,@SmartTrip,,,,,,,
#iOS,#applepay,#AppleWatch,@wmata,@Apple,@SmartTrip,,,,,,,,
#CyberMonday,#retail,@CStoreNews_:,,,,,,,,,,,
#CyberMonday,#retail,,,,,,,,,,,,
#AppleWatch,#AppleWatchSeries3,#applepay,#wearables,@LifeHacksIRL:,,,,,,,,,
#AppleWatch,#AppleWatchSeries3,#applepay,#wearables,,,,,,,,,,
#cash,"#ApplePay,","#Bitcoin,",#Square?,#SFFed,#Blog,#economies,@sffed:,,,,,,
#ApplePay,@romanhg:,@N26_Support,,,,,,,,,,,
@obsoletegenius:,,,,,,,,,,,,,
#WMATA,@FixWMATA:,,,,,,,,,,,,
#WMATA,,,,,,,,,,,,,
#cash,"#ApplePay,","#Bitcoin,",#Square?,#SFFed,#Blog,#economies_,,,,,,,
#ApplePay,@WeAreMotivation:,@WeAreMotivation,@JustGiving,@Apple,,,,,,,,,
#ApplePay,@WeAreMotivation,@JustGiving,@Apple,,,,,,,,,,
#Apple,#stokoecartoons,#ApplePay,#Retail,#BlackFriday,@mikestokoe:,,,,,,,,
#Apple,#stokoecartoons,#ApplePay,#Retail,#BlackFriday,,,,,,,,,
#customer,"#modules,","#addons,",#payment,#WHMCS!,@ASPnix:,,,,,,,,
#customer,"#modules,","#addons,",#payment,#WHMCS!,,,,,,,,,
#Puromac,@puromac:,@fe_,,,,,,,,,,,
#ApplePay,#AndroidPay,#at_,@pymnts:,.@adidas,,,,,,,,,
#Puromac,,,,,,,,,,,,,
#ApplePay,@debogoso:,@ageuklondon,@JustGiving,@jon_bedford,,,,,,,,,
@J0hnnyXm4s:,@jaku,,,,,,,,,,,,
@BKFUniversity:,,,,,,,,,,,,,
@jaku,,,,,,,,,,,,,
@FortressGB:,@wembleystadium,@apple,,,,,,,,,,,
#JGAwards,#ApplePay,@jamieparkins:,,,,,,,,,,,
#ApplePay,@ageuklondon,@JustGiving,@jon_bedford,,,,,,,,,,
#JGAwards,#ApplePay,,,,,,,,,,,,
#FaceID,#iPhoneX,#ApplePa_,@MickLee93:,,,,,,,,,,
@jharycki:,@NAB,@ANZ_AU,,,,,,,,,,,
@wembleystadium,@apple,,,,,,,,,,,,
#bitcoin,#ApplePay,#blockchain,@rob_versaw:,,,,,,,,,,
#ApplePay,@stiel:,,,,,,,,,,,,
#Venmo,#ApplePay,@FerhanPatel:,,,,,,,,,,,
#ApplePay,#SamsungPay,"#shipping,","#copies,","#notary,","#livescan,",#packaging,@MailandMoreEG:,,,,,,
#bitcoin,#ApplePay,,,,,,,,,,,,
#Venmo,#ApplePay,,,,,,,,,,,,
#ApplePay,#SamsungPay,"#shipping,","#copies,","#notary,","#livescan,",#packaging,,,,,,,
#Blockchain,"#ApplePay,",@SagenceInc:,,,,,,,,,,,
#ApplePay,,,,,,,,,,,,,
@HEB:,@WilliamKluss,,,,,,,,,,,,
@WilliamKluss,,,,,,,,,,,,,
#ApplePay,#mobilepayments,@PivotalPayments:,,,,,,,,,,,
#ApplePay,#AppleCare+,@golm:,@Apple,,,,,,,,,,
#iphonex,#applepay,@paulholze:,,,,,,,,,,,
#iphonex,#applepay,,,,,,,,,,,,
@sharonodea:,@JasonBates,,,,,,,,,,,,
#UNSC,#UNGA,@FairWitness1:,@MetroUK,@us@int,@usmint,@Interior,@ENERGY,@POTUS,@FLOTUS,@WaysandMeansGOP,@WaysMeansCmte,@SpeakerRyan,@bitco_
@isitohbi:,,,,,,,,,,,,,
@JasonBates,,,,,,,,,,,,,
@MrClarkL:,@GlosLiveOnline,,,,,,,,,,,,
#UNSC,#UNGA_,@MetroUK,@us@int,@usmint,@Interior,@ENERGY,@POTUS,@FLOTUS,@WaysandMeansGOP,@WaysMeansCmte,@SpeakerRyan,,
#nfc,#App_,@NFCTimes4News:,,,,,,,,,,,
@GlosLiveOnline,,,,,,,,,,,,,
#applepay,@KVanderhoydonk:,,,,,,,,,,,,
#Fintech,#MobilePayments?,#Applepay,#Paypal,#Masterpass,#Androidpay,#VisaCheckout,#SamsungPay,@thebenimou:,@MikeQuinda_,,,,
#Fintech,#MobilePayments?,#Applepay,#Paypal,#Masterpass,#Androidpay,#VisaCheckout,#Samsun_,@Oudotklein:,@thebenimou:,,,,
#Fintech,#MobilePayments?,#Applepay,#Paypal,#Masterpass,#Androidpay,#VisaCheckout_,@thebenimou:,,,,,,
#Fintech,#MobilePayments?,#Applepay,#Paypal,#Masterpass,#Androidpay,#VisaCheckout,#SamsungPay_,,,,,,
#nfc,#ApplePay,,,,,,,,,,,,
#applepay,,,,,,,,,,,,,
#bitcoin,@NickTheSilent:,@AP4Liberty,,,,,,,,,,,
#bitcoin,@AP4Liberty,,,,,,,,,,,,
#Christmas,@iBeckTech:,@Target,,,,,,,,,,,
#Christmas,@Target,,,,,,,,,,,,
@iamCarsonTaylor:,,,,,,,,,,,,,
#ApplePay.,@N26_Support:,@aliouftw,,,,,,,,,,,
#ApplePay.,@aliouftw,,,,,,,,,,,,
#Apple,#ApplePayAustralia,#CBA,#NAB,#ANZ,@adk431:,,,,,,,,
#UKFundraising,#ApplePay,@CharismaRecruit:,@JustGiving,,,,,,,,,,
#Apple,#ApplePayAustralia,#CBA,#NAB,#ANZ,,,,,,,,,
#ApplePay,#patientlywaiting,@Adam36627207:,@RevolutApp,,,,,,,,,,
#FinTech,#MobilePayments?,#Applepay,#Paypal,#Masterpass,#Androidpay,#VisaCheckout,#SamsungPay,@Pillai_Sunil:,,,,,
#ApplePay,@taylorutzc:,@Apple,,,,,,,,,,,
#ApplePay,@_hungryfoodie_:,@Suncorp,,,,,,,,,,,
#ApplePay,@cellpointmobile:,,,,,,,,,,,,
#ApplePay,@midwestnocoast:,,,,,,,,,,,,
#FinTech,#MobilePayments?,#Applepay,#Paypal,#Masterpass,#Androidpay,#VisaCheckout,#SamsungPay_,,,,,,
#ApplePay,#patientlywaiting,@RevolutApp,,,,,,,,,,,
#ApplePay,@jhannah469:,@Mastercard,,,,,,,,,,,
#BlackFriday,@obsidiansec:,,,,,,,,,,,,
#iphone,#UK,#mobilephone,#applepay,@JDComforte:,,,,,,,,,
#ApplePay,,,,,,,,,,,,,
#ApplePay,@hebtroco:,,,,,,,,,,,,
#iCloud,#ApplePay,@divekaryash:,@Apple,@AppleSupport,,,,,,,,,
#iCloud,#ApplePay,@Apple,@AppleSupport,,,,,,,,,,
#ApplePay,,,,,,,,,,,,,
#iphone,#UK,#mobilephone,#applepay,,,,,,,,,,
#UKFundraising,#ApplePay,@JustGiving,,,,,,,,,,,
#BlackFriday,,,,,,,,,,,,,
#ApplePay,@Mastercard,,,,,,,,,,,,
#DreamPayments?,#Apps,#Bookkeepers,@kninjaknetwork:,@dreampa_,,,,,,,,,
#DreamPayments?,#Apps,#Bookkeepers_,,,,,,,,,,,
@Constantine425:,@Apple,@AppleSupport,@itunes,@AppleMusic,,,,,,,,,
#generationmix,#TEDxHaarlem.,@CommunicatiePR:,,,,,,,,,,,
#generationmix,#TEDxHaarlem.,,,,,,,,,,,,
#ApplePay,@Gameandwildlife:,@JustGiving,@TrooperSnooks,,,,,,,,,,
#ApplePay,@JustGiving,@TrooperSnooks,,,,,,,,,,,
#MobilePayments,@Mort_on_Finance:,,,,,,,,,,,,
@nazmiplakolli:,@CreditAgricole,,,,,,,,,,,,
#ApplePay,@UncleTimi:,,,,,,,,,,,,
#ApplePay,,,,,,,,,,,,,
@CreditAgricole,,,,,,,,,,,,,
#applepay,@emilyvcullen:,@sweetgreen,,,,,,,,,,,
@FRS_Babe,,,,,,,,,,,,,
#BlackFriday,"#CyberMonday/#CyberWeek,",@iBeckTech:,,,,,,,,,,,
#ApplePay,#AppleWatch,#iPhone,@CarolIngley:,,,,,,,,,,
#ApplePay,#AppleWatch,#iPhone,,,,,,,,,,,
#MobilePayments,,,,,,,,,,,,,
#BlackFriday,"#CyberMonday/#CyberWeek,_",,,,,,,,,,,,
#ApplePay,@miva:,".@PlantTherapy,",,,,,,,,,,,
@iBeckTech:,,,,,,,,,,,,,
@BillsGirlGina:,@RalphsGrocery,@StaterBro_,,,,,,,,,,,
@RalphsGrocery,,,,,,,,,,,,,
#ApplePay,".@PlantTherapy,",,,,,,,,,,,,
"#ApplePay,",@ThomasVidal64:,@_nickhola_,@CreditMutuel,@LyfPay,,,,,,,,,
"#ApplePay,",@_nickhola_,@CreditMutuel,@LyfPay,,,,,,,,,,
#ApplePay,@stiel:,,,,,,,,,,,,
#ApplePay,#retailing,@tpfv23:,@Tesco,,,,,,,,,,
@tonybalmforth:,@tesco,,,,,,,,,,,,
#applepay,#germany,@nordmaler:,@n26,,,,,,,,,,
#Technology,#ApplePa_,@Savvy__Investor:,,,,,,,,,,,
#ApplePay,@NickCCal:,,,,,,,,,,,,
#applepay,#germany,@n26,,,,,,,,,,,
#ApplePay,,,,,,,,,,,,,
#Technology_,,,,,,,,,,,,,
#Mobile,#Retailers,@passworksio:,,,,,,,,,,,
#Mobile,#Retailers,,,,,,,,,,,,
#ApplePay,@NickRobrot:,@PockitUK,,,,,,,,,,,
#ApplePay,,,,,,,,,,,,,
@PekkaPekkala:,,,,,,,,,,,,,
#ApplePay,,,,,,,,,,,,,
#ApplePay,@claragoldsmith:,,,,,,,,,,,,
#ApplePay,@stiel:,,,,,,,,,,,,
#ApplePay,"#FaceID,",#To_,@JustTweetJ:,,,,,,,,,,
@Cognac71:,,,,,,,,,,,,,
#ApplePay,,,,,,,,,,,,,
@shortmsgs:,@CommBank,,,,,,,,,,,,
#Apple,#watchOS,#Developers,#iosdev,#ApplePay,@ZealouSys:,,,,,,,,
#Apple,#watchOS,#Developers,#iosdev,#ApplePay,,,,,,,,,
#ApplePay,"#FaceID,",#TouchID,,,,,,,,,,,
#EMV,#ApplePay,#AndroidPay,@POSPartnersLLC:,@torchystacos,@,@RPOWERPOS,@crstexaspos,,,,,,
@CommBank,,,,,,,,,,,,,
#ApplePay,@CraigRyan:,@BNZ,,,,,,,,,,,
#24gsm,#iPhoneSE,#carbon_,@24GSMro:,,,,,,,,,,
#ApplePay,,,,,,,,,,,,,
#Retail,#ApplePay,@regan_pasko:,.@BRPConsulting,,,,,,,,,,
#ApplePay,@BraveBudgie:,@Wawa,,,,,,,,,,,
#twint,@mondopiccolo:,,,,,,,,,,,,
#twint,,,,,,,,,,,,,
#EMV,#ApplePay,#AndroidPay,@torchystacos,@,@RPOWERPOS,@crstexaspos,,,,,,,
#ApplePay,@teilweiselustig:,@sparkasse,@Deutsc_,,,,,,,,,,
#lawyer,#_,@goinhouse:,,,,,,,,,,,
#lawyer,#legaljobs,,,,,,,,,,,,
#Retail,#ApplePay,.@BRPConsulting,,,,,,,,,,,
#applepay,#gentequeseabrecuentasenotrosbancos),@drakanzds:,@bancosantander,(@Liberbank,,,,,,,,,
#applepay,#gentequeseabrecuentasenotrosbancos),@bancosantander,(@Liberbank,,,,,,,,,,
@DaveTaylor:,,,,,,,,,,,,,
@ConnorDonald:,,,,,,,,,,,,,
#applepay,,,,,,,,,,,,,
#ApplePay,@PockitUK,,,,,,,,,,,,
@theRealJaneBond:,,,,,,,,,,,,,
#ApplePay,#Amazing,@cloudn9nee95:,,,,,,,,,,,
@JeffreeStar,,,,,,,,,,,,,
#ApplePay,#Amazing,,,,,,,,,,,,
@ApplePay,,,,,,,,,,,,,
#AppleWatch,#ApplePay_ُ__,@tanya90,,,,,,,,,,,
#applepay,,,,,,,,,,,,,
#ApplePay,#germany,#timeTOstart,#digital,#payments,@tim_cook,@AmericanExpress,,,,,,,
#ApplePay,,,,,,,,,,,,,
#ApplePay,@appleinsider:,.@Apple,,,,,,,,,,,
@jcrew_help,my@order,,,,,,,,,,,,
#ApplePay,,,,,,,,,,,,,
#ApplePay,,,,,,,,,,,,,
#ApplePay,,,,,,,,,,,,,
@AsdaServiceTeam,@asda,,,,,,,,,,,,
#ApplePay,@Square,,,,,,,,,,,,
#FaceID,#ApplePay,,,,,,,,,,,,
#applepay,#CyberMonday2017,@express,,,,,,,,,,,
@CapitalOneCA,,,,,,,,,,,,,
#ApplePay,"@Apple,",,,,,,,,,,,,
#ApplePay,@AppleSupport,@BHPhotoVideo,,,,,,,,,,,
@garyvee,@Target,,,,,,,,,,,,
@Chimmy31,@mdudas,,,,,,,,,,,,
@TechExpertAdmin,,,,,,,,,,,,,
"#ApplePay.""",#AAPL_,@StJude,@RedCross,@RED,,,,,,,,,
#ApplePay,,,,,,,,,,,,,
#ApplePay?,@Tesco,@sainsburys,@marksandspencer,@waitrose,,,,,,,,,
#ApplePay,#smallbiz,#mobile,,,,,,,,,,,
#CyberMonday!,#debit,#credit,,,,,,,,,,,
#shoppingschmovies,,,,,,,,,,,,,
#ApplePay,@StansDonutsCHI,,,,,,,,,,,,
#CyberMonday.,"#BlackFriday,",,,,,,,,,,,,
@garyvee,@Target.,,,,,,,,,,,,
#Christmas,,,,,,,,,,,,,
.@QuikTrip,,,,,,,,,,,,,
#AndroidPay,#ApplePay,@RevolutApp,,,,,,,,,,,
#ApplePay,#iPhoneX,@Apple,,,,,,,,,,,
#ApplePay,#iPhoneX,@YouTube,,,,,,,,,,,
#ApplePay,,,,,,,,,,,,,
#ApplePay,@nordmaler,,,,,,,,,,,,
#Natwest,#applepay,,,,,,,,,,,,
#iMessage,@Starbucks,,,,,,,,,,,,
#ApplePay,,,,,,,,,,,,,
@sj26,@pat,@Apple,@ING,@CommBank,@bankaust,,,,,,,,
@VuduFans,,,,,,,,,,,,,
@garyvee,@Target,,,,,,,,,,,,
#ApplePay,@7eleven,,,,,,,,,,,,
@hugobrown,@CubicTS,@smh,,,,,,,,,,,
#ApplePay,@BHPhotoVideo,,,,,,,,,,,,
#ApplePay,@ANZ_AUs,,,,,,,,,,,,
@Mastercard,,,,,,,,,,,,,
#ApplePay?,@eBay:,@PayPal,,,,,,,,,,,
#CyberWeek!,,,,,,,,,,,,,
@Westpac,,,,,,,,,,,,,
@MCATEER4,@merseyflow,,,,,,,,,,,,
#ApplePay,@BusyCityGuy,@thomas_buffard,@TheNickmaster21,@ScriptOnRoblox,,,,,,,,,
@SnazzyQ,,,,,,,,,,,,,
@crackedbackdoor,,,,,,,,,,,,,
@MarkStruczewski,,,,,,,,,,,,,
#applepay,,,,,,,,,,,,,
@MarkStruczewski,,,,,,,,,,,,,
#applepay,#lame,#notimpressed,,,,,,,,,,,
#748,#NFC,#ApplePay,#AndroidPay,@TommyHilfiger,,,,,,,,,
#greenleef,#apple,#applepay,#ipay,#organic,#eco_,,,,,,,,
#ApplePay,@CapitalOne,@costcocanada,,,,,,,,,,,
#ApplePay,"@Kohls,",,,,,,,,,,,,
@foobarsoft,@Target,@Verifone,,,,,,,,,,,
#ApplePay,@QuikTrip,,,,,,,,,,,,
#ApplePay,@GGP_Inc,,,,,,,,,,,,
@crypterium,@ICObazaar,,,,,,,,,,,,
#Applepay,#viseca_cards,"@swisscard,",@viseca,,,,,,,,,,
#applepay,@sainsburys.,,,,,,,,,,,,
@Apple,@dark1x,@gofreak_ie,,,,,,,,,,,
#ApplePay,#AnroidPay,,,,,,,,,,,,
#applepay,@PaulPitkethly,@Westpac,@anz_au,,,,,,,,,,
@Starbucks,,,,,,,,,,,,,
@clintolawrence,,,,,,,,,,,,,
@Westpac,,,,,,,,,,,,,
@OnTh3Hous3,,,,,,,,,,,,,
#applepay,(@,,,,,,,,,,,,
#applepay,@Wendys,,,,,,,,,,,,
.@RahmEmanuel,@ChicagosMayor,@VentraChicago,,,,,,,,,,,
#Christmas,,,,,,,,,,,,,
#ApplePay,@Westpac,,,,,,,,,,,,
@dudeitsshoe,,,,,,,,,,,,,
#SmallBussinessSaturday,#ApplePay,@AceHardware,,,,,,,,,,,
#Suica,#ApplePay,@Kanjo,@Apple,,,,,,,,,,
#iPhone,#ApplePay.,,,,,,,,,,,,
#ApplePay?,@Target,,,,,,,,,,,,
#applepay!,#photography,#photographer,#photoshoot_,@Square,,,,,,,,,
#ApplePay,@jordandene,,,,,,,,,,,,
#applepay.,@attractalagan,@FinancialReview,@Westpac,,,,,,,,,,
#NFC,,,,,,,,,,,,,
#ApplePay,,,,,,,,,,,,,
@adidasUS,,,,,,,,,,,,,
#familytravel,_#ApplePay,@Vacatia!,_@AmazonPay,,,,,,,,,,
#ApplePay,@Target,,,,,,,,,,,,
@infra90,,,,,,,,,,,,,
#ApplePay,#SmallBusiness?,,,,,,,,,,,,
#customer,"#modules,","#addons,",#payment,#WHMCS!,,,,,,,,,
@rakeshlobster,@stripe,@Shopify,,,,,,,,,,,
@ELLLLectric,,,,,,,,,,,,,
@MTA,,,,,,,,,,,,,
#)?,#ApplePay,,,,,,,,,,,,
#boonpayment,#ApplePay,@wirecard.,,,,,,,,,,,
#ApplePay,@monzo,,,,,,,,,,,,
@WishShopping,,,,,,,,,,,,,
#21stcentury,.@parcelforce,,,,,,,,,,,,
#ApplePay,#2017,,,,,,,,,,,,
#Applepay,#fast&amp;secure,#yzfcoffee,#shoplocally,#yellowknifecoffee,,,,,,,,,
#Applepay,#fast&amp;secure,#yzfcoffee,#shoplocally,#yellowknifecoffee,,,,,,,,,
"@CommBank,",,,,,,,,,,,,,
#applepay?,@CommBank,,,,,,,,,,,,
#applepay,#faceid,#iphonex,,,,,,,,,,,
#ApplePay,#AppleWatch.,@greta,,,,,,,,,,,
#apples,#BlackFriday,,,,,,,,,,,,
#supportfreepress,@NewYorker,,,,,,,,,,,,
#ApplePay,@AppleSupport,,,,,,,,,,,,
#applepay,@AppleSupport,,,,,,,,,,,,
@SafewayCanada,,,,,,,,,,,,,
#cashrewards,#ApplePay,@BankofAmerica,,,,,,,,,,,
"#iPhoneX,",,,,,,,,,,,,,
#ApplePay,#security,@vons,,,,,,,,,,,
#ApplePay,@Newegg!!,,,,,,,,,,,,
"#AndroidPay,",#ApplePay,"@SamsungPay,",,,,,,,,,,,
@CloverPOS,,,,,,,,,,,,,
@KomboeYoungz,@SimNicholas,,,,,,,,,,,,
@SimNicholas,,,,,,,,,,,,,
#ApplePay,#BlackFriday,#GameStop,@GameStop,,,,,,,,,,
#Applepay,#Fuming,@ArgosHelpers,,,,,,,,,,,
#applepay,@AppleSupport,,,,,,,,,,,,
#payments,"#EMV,","#applepay,",#samsungpay,@cayan,,,,,,,,,
@McDonald's,,,,,,,,,,,,,
#Applepay,@cdkeyscom,,,,,,,,,,,,
@GraphicMatt,@bradTTC,,,,,,,,,,,,
#Applepay,#applecash,@WhatsApp,,,,,,,,,,,
@Square_,,,,,,,,,,,,,
"@ApplePay,","@SamsungPay,",@AndroidPay.,,,,,,,,,,,
#Apple,#Applepay,#fintech2017,@Apples,@iStereotype,,,,,,,,,
#applepay,#iPhoneX,#apple,@Apple,,,,,,,,,,
@talktoBOI,,,,,,,,,,,,,
#applepay,,,,,,,,,,,,,
"#BlackFriday,",#Thanksgiving).,,,,,,,,,,,,
@mateusbaur,@RevolutApp,@claudiorevolut,,,,,,,,,,,
#ApplePay,,,,,,,,,,,,,
@renato_mariotti,@hsg516,,,,,,,,,,,,
#ad,#sp,@garymoore1406,@SineadDH,,,,,,,,,,
#ApplePay,#traveling,#overseas?,,,,,,,,,,,
#applepay,#applepayukraine,@Apple,@AppleSupport,,,,,,,,,,
#dream,#ApplePay,#favorite,#bank_,@AppleSupport,@CreditAgricole,,,,,,,,
#ApplePay,@rovingrob,@Westpac,@Qantas,,,,,,,,,,
#ApplePay,,,,,,,,,,,,,
#applepay,@AskHalifaxBank,@AskLloydsBank,,,,,,,,,,,
#ApplePay,#Digital,#Smartparking,@ParkeonItalia,,,,,,,,,,
#ApplePay,,,,,,,,,,,,,
#Octopus,#___,#Suica,@SCMP_News,@JREast_official,,,,,,,,,
#FinTech,#MobilePayments?,#Applepay,#Paypal,#Masterpass,#Androidpay,#VisaCheckout,#SamsungPay_,,,,,,
#insightful,#global,#AndroidPay,#Applepay,#MobilePayments,@MikeQuindazzi,,,,,,,,
@imaginecurve,,,,,,,,,,,,,
#iPhoneX,#iPad,#Android,#Apple,#ApplePay,#iphone,#ipadpro,#salestips,(#LinkedIn,#Facebook),,,,
#ApplePay,@McDonaldsCanada,@McDonalds,,,,,,,,,,,
#ApplePay,#AndroidPay,@TD_Canada,,,,,,,,,,,
#ApplePay_,@Qantas,,,,,,,,,,,,
#MTR,"#__,",#Octopus,#___,#AndroidPay,#ApplePay,#Suica,,,,,,,
#slimeyardslimes,#ApplePay_,,,,,,,,,,,,
@cmogle,,,,,,,,,,,,,
#AndroidPay,"#CzechRepublic,",#Apple,#ApplePay,@Apple,,,,,,,,,
@mateusbaur,@RevolutApp,@claudiorevolut,,,,,,,,,,,
@MatthewJSOliver,,,,,,,,,,,,,
@monzo,,,,,,,,,,,,,
@ANZ_NZ,,,,,,,,,,,,,
#ApplePay,@MobilePayFinder,@CashApp,,,,,,,,,,,
#ThankfulFor,#ApplePay,#FirstWorldProblems,@bucees,,,,,,,,,,
#applepay,@babyshoparabia,@,,,,,,,,,,,
@rossavenellξWe,,,,,,,,,,,,,
#ApplePay,,,,,,,,,,,,,
#applepay,@RevolutApp,,,,,,,,,,,,
#ApplePay,,,,,,,,,,,,,
@AskHalifaxBank,,,,,,,,,,,,,
@McDonalds,,,,,,,,,,,,,
#ApplePay,@RevolutApp,@JFarnfieldWFC,,,,,,,,,,,
#Pay,#ApplePay,@monzo,@Apple,,,,,,,,,,
@JamesPratters,,,,,,,,,,,,,
"#ApplePay,",,,,,,,,,,,,,
#ApplePay,@CreditMutuel,,,,,,,,,,,,
#ApplePay,#N26,#Nordea?,@QuadLockCase,@N26_Support,@N26UK,,,,,,,,
#ApplePay,@DisneylandToday,,,,,,,,,,,,
#ApplePay,@Nordstrom,,,,,,,,,,,,
#ApplePay,#BoubyanServices,@Apple,@Bankboubyan,,,,,,,,,,
#ApplePay,@Apple,@tim_cook,,,,,,,,,,,
#ApplePay,#iMessage,,,,,,,,,,,,
@MacRumors,,,,,,,,,,,,,
@EAT24,,,,,,,,,,,,,
"#ApplePay,",#fail.,#custserv,@GiantEagle,,,,,,,,,,
#FaceId,#ApplePay,,,,,,,,,,,,
@docinaustin,,,,,,,,,,,,,
@JaeFloress,@mroliverkc,@theyeezymafia,@PayPal,,,,,,,,,,
#ApplePay,@HEB,@WholeFoods,@sproutsfm,,,,,,,,,,
@TaskRabbitHelp,,,,,,,,,,,,,
#courage:,#Mercedes,#wirelesscharger,#iPhoneX,#iPhone8,#NFC,#ApplePay,#iphoneXlaunch_,,,,,,
#familytravel,_#ApplePay,@Vacatia!,_@AmazonPay,,,,,,,,,,
@Tom_Nikl,,,,,,,,,,,,,
"#ApplePay,",#FirstWorldProblems,,,,,,,,,,,,
#dorset,#applepay_,,,,,,,,,,,,
#ApplePay,#SmallBusiness,,,,,,,,,,,,
#CyberMonday/#CyberWeek,#Christmas,@Targets,,,,,,,,,,,
#ApplePay,@monzo,,,,,,,,,,,,
#ApplePay,#SamsungPay,#AndroidPay,@CenturyNational.,,,,,,,,,,
#Banks,#ApplePay,,,,,,,,,,,,
@LeumiDigital,,,,,,,,,,,,,
#FoodTruck,#ApplePay,,,,,,,,,,,,
@loganlahive,@hunterwalk,,,,,,,,,,,,
@StandardMarket,,,,,,,,,,,,,
@monzo,,,,,,,,,,,,,
#ApplePay,.@HSBC_UAE,@JWTMEA,@Mindshare_MENA,@Apple_,,,,,,,,,
#AndroidPay,#ApplePay,#SamsungPay,"@SamsungPay,",,,,,,,,,,
#ApplePay,,,,,,,,,,,,,
@YaasEsha,,,,,,,,,,,,,
#ApplePay,@otsolax,,,,,,,,,,,,
#ApplePay,#AndroidPay,,,,,,,,,,,,
#ApplePay!,,,,,,,,,,,,,
#ApplePay,@AppleSupport,,,,,,,,,,,,
@NicolaSturgeon,@scotgov,@cue,@tim_cook,,,,,,,,,,
#ApplePay,@AppleSupport,,,,,,,,,,,,
#Banks,#biometric,,,,,,,,,,,,
#ApplePay,@Apple,@tim_cook,,,,,,,,,,,
#ApplePay,@StandardMarket,,,,,,,,,,,,
#ApplePay?,@EvansBankWNY,,,,,,,,,,,,
#ApplePay,#AppleStore,#AirPods,,,,,,,,,,,
#ApplePay,@nab,,,,,,,,,,,,
@ChaseSupport,@venmo,,,,,,,,,,,,
#ApplePay.,@DoorDash,,,,,,,,,,,,
@CommBank,,,,,,,,,,,,,
@CentralMarket,,,,,,,,,,,,,
#Welcome_,@Apple,,,,,,,,,,,,
@dannysullivan,,,,,,,,,,,,,
#mobile,@Apple,,,,,,,,,,,,
#ApplePay,#UA,#UnderArmour,@UnderArmour,,,,,,,,,,
#iPhoneX:,#ApplePay,#FaceID,#TechNews,#AppleNews,#Payments,,,,,,,,
#applepay,#apple,@Westpac,,,,,,,,,,,
@AppleSupport,,,,,,,,,,,,,
#TiDev,,,,,,,,,,,,,
#applepay,#androidpay,#samsungpay,#swish?,@BITPANDAcom,,,,,,,,,
#TanTrack,#receipt,"#cashdrawers,",,,,,,,,,,,
#backdrops,#PayPal,#ApplePay_,,,,,,,,,,,
@jorilallo,,,,,,,,,,,,,
#applepay,#p2p,,,,,,,,,,,,
@rastamate,@RevolutApp,,,,,,,,,,,,
@nixarn,,,,,,,,,,,,,
@HorizonsOne,@ShowcaseWishes,@heatherw25,@AtDisneyAgain,,,,,,,,,,
#ApplePay.,#Venmo,#mobilepayments,,,,,,,,,,,
#ApplePay,,,,,,,,,,,,,
#AndroidPay,#ApplePay,,,,,,,,,,,,
#applepay,#ivjoinedtherestofhumanity,#nolongeradinosaur,,,,,,,,,,,
#ApplePay,#Cash,,,,,,,,,,,,
#applepay,#gamechanger,@calvingrinder,@sinv,,,,,,,,,,
#financial,#mobile,#networking,#apps.,@Forbes_,,,,,,,,,
#twint,#applepay,#SamsungPay_,,,,,,,,,,,
@TraceIn_,,,,,,,,,,,,,
#ApplePay,@monzo,,,,,,,,,,,,
#ApplePay,,,,,,,,,,,,,
#ApplePay,,,,,,,,,,,,,
@RetailProphet,,,,,,,,,,,,,
#ApplePay,#Truth,@apple,,,,,,,,,,,
#ApplePay,@Topman,,,,,,,,,,,,
#Citiproblems_,@citi,,,,,,,,,,,,
@Robwb73,,,,,,,,,,,,,
"#applepay,",@StarlingBank,@monzo,,,,,,,,,,,
#Retail,#ApplePay,.@BRPConsulting,,,,,,,,,,,
#ApplePay,,,,,,,,,,,,,
#Natwest,#Applepay,,,,,,,,,,,,
@ThisIsKatieRose,,,,,,,,,,,,,
@McDonalds,,,,,,,,,,,,,
@NatWest_Help,,,,,,,,,,,,,
#ApplePay,@SchoolsFirstFCU,,,,,,,,,,,,
#ApplePay,#Winning,#NeverAgain,@Apple,,,,,,,,,,
#ApplePay,,,,,,,,,,,,,
#credit,#Badciti,@citicard,,,,,,,,,,,
@shortmsgs,@CommBank,,,,,,,,,,,,
@Grubhub,,,,,,,,,,,,,
#iPhoneX:,#ApplePay,#FaceID,,,,,,,,,,,
#ApplePay,,,,,,,,,,,,,
@obsoletegenius,,,,,,,,,,,,,
#Applepay,@GiantEagle,,,,,,,,,,,,
#loyaltyprogram,#ApplePay,#mobilewallet,,,,,,,,,,,
#ApplePay,@ChickfilA,,,,,,,,,,,,
#ApplePay,,,,,,,,,,,,,
@wscwildcats,,,,,,,,,,,,,
@pasthours,,,,,,,,,,,,,
@SaintPaul,@blacksheeppizza,@Mickeys_Diner,@grayduckstpaul,@meritage_stpaul,@StPaulGrill,@KincaidsDining_,,,,,,,
#applepay,#interac,,,,,,,,,,,,
#ApplePay,"@StandardMarket,",,,,,,,,,,,,
#ApplePay,@bransablan,@SamsungMobile,@AppleSupport,,,,,,,,,,
@TechTim97,@AskNationwide,,,,,,,,,,,,
#ApplePay,,,,,,,,,,,,,
@rachaellepapaya,@AimeeInthavong,,,,,,,,,,,,
@bdvg_lat,,,,,,,,,,,,,
#QRCode,#CurrentC,#ApplePay,#GoogleWallet,,,,,,,,,,
#ApplePay,,,,,,,,,,,,,
#applepay,@FredMeyerStores,,,,,,,,,,,,
@BoostSZN,,,,,,,,,,,,,
@LaBanquePostale,,,,,,,,,,,,,
@MJO23DAN,,,,,,,,,,,,,
@CDSu3,,,,,,,,,,,,,
#ApplePay,#Payment,#Innovation,@Eckohs,,,,,,,,,,
@NikeSupport,@alqudsi117,,,,,,,,,,,,
#customer,"#modules,","#addons,",#payment,#WHMCS!,,,,,,,,,
#applepay,#OffWhitexnike,@nike,,,,,,,,,,,
.#MBTA,#ApplePay,#AndroidPay,#Boston,#TheT,,,,,,,,,
@Apple,,,,,,,,,,,,,
#pay,#ApplePay,,,,,,,,,,,,
#ApplePay,@opensourcelvr,@Puri_sm,,,,,,,,,,,
#Cash:,#mobilepayments?,@ApplePay,,,,,,,,,,,
@LGuapo21,,,,,,,,,,,,,
@Chase,,,,,,,,,,,,,
#applepay,@zolty26,@Dritone,,,,,,,,,,,
@jsdfixer,,,,,,,,,,,,,
@tfl,,,,,,,,,,,,,
#ApplePay,#Messenger,#payments,,,,,,,,,,,
#ApplePay.,,,,,,,,,,,,,
#UAE,#ApplePay,#Apple,#TechBrunch,,,,,,,,,,
#ApplePay,"#Chipotle,","#McDonalds,",#SaksFifthAvenue,#AppleWallet_,,,,,,,,,
@jamgregory,,,,,,,,,,,,,
@Casetify,,,,,,,,,,,,,
#nfc,#ticketing,#applepay,#contactless,,,,,,,,,,
#blockchain_,,,,,,,,,,,,,
@PayPalInfoSec,,,,,,,,,,,,,
#applepay,,,,,,,,,,,,,
#AndroidPay,@hugobrown,,,,,,,,,,,,
#ApplePay,@CommBank,,,,,,,,,,,,
#ApplePay,@_NoeI_,@TWINT_AG,@UBSTWINT,@InsideParade,,,,,,,,,
#ApplePay,#SamsungPay,@DEWAOfficial,@DubaiPoliceHQ,,,,,,,,,,
@KotakCares,@KotakBankLtd,,,,,,,,,,,,
#ApplePay,@shortmsgs,@CommBank,@ANZ_AU,,,,,,,,,,
#ApplePay,,,,,,,,,,,,,
#iPhoneX,#ApplePay,#FutureOfPayments,,,,,,,,,,,
@PaulaGrabow,@JButing,@ThePlough_Stars,@KohlandLipstick,@JButing!,,,,,,,,,
@shortmsgs,@CommBank,,,,,,,,,,,,
@ElysseMorgan,@DrCameronMurray,,,,,,,,,,,,
#Mastercard,#ApplePay,#commbank,@CommBank,,,,,,,,,,
#ApplePay!,,,,,,,,,,,,,
#ApplePay,,,,,,,,,,,,,
#ApplePay,,,,,,,,,,,,,
#ApplePay,,,,,,,,,,,,,
#Postmates,#freebies,#applepay,,,,,,,,,,,
#ApplePay,,,,,,,,,,,,,
#applepay,#delivery,#freebies,#urbselect,,,,,,,,,,
@ApplePay,,,,,,,,,,,,,
#Venmo?,#applepay,#applepaycash,#p2ppayments,#payments,,,,,,,,,
@KTM12XU,,,,,,,,,,,,,
__#TEAMSKIBO,,,,,,,,,,,,,
#Chase,@Apple,@ApplePay,,,,,,,,,,,
#Note8,#SamsungPay,@SamsungMobile,,,,,,,,,,,
@Tickrate_,,,,,,,,,,,,,
#ApplePay,,,,,,,,,,,,,
#ApplePay?,@DEWAOfficial,,,,,,,,,,,,
#square,#applepay_,@square,,,,,,,,,,,
@santanderukhelp,,,,,,,,,,,,,
@Lorenz_Keller,@TWINT_AG,@ApplePay,@_NoeI_,@NickiDigital,@tinustreusalz,@RafaelZeier,@Blickch,@blickamabend,,,,,
#Money,#ApplePay,,,,,,,,,,,,
#ApplePay,#currentAccount,@monzo,,,,,,,,,,,
@CostaCoffee,@AskAmexUK,,,,,,,,,,,,
@Corey_Feldman,@CourtneyAnne12,,,,,,,,,,,,
@monzo,,,,,,,,,,,,,
#ApplePay!,,,,,,,,,,,,,
#voice,"#payments,",#Google,#applepay,#amazon,,,,,,,,,
Hashtags___#familybrand,#safety,#repair,#residential,#brand,#homerepair,#Security,#HomeImprovement,#Apps_,,,,,
@marpreter,@NAB,,,,,,,,,,,,
#iBooks,#ApplePay?,@Apple,,,,,,,,,,,
#ApplePay,#AndroidPay,#Debitcards,#giftidea_,,,,,,,,,,
@BestBuy,,,,,,,,,,,,,
#ApplePay,,,,,,,,,,,,,
@tenxwallet,,,,,,,,,,,,,
@seweso,,,,,,,,,,,,,
#chipotle,#itslit,#applepay,,,,,,,,,,,
#ApplePay,#AndroidPay,@SnazzyQ,,,,,,,,,,,
@Target,,,,,,,,,,,,,
#ApplePay.,@GiantEagle,,,,,,,,,,,,
@AccentureDACH,,,,,,,,,,,,,
@Polidalberg,@RevolutApp,@kulivnk,@Applekrk,,,,,,,,,,
@CityofVancouver,,,,,,,,,,,,,
#ApplePay,@santanderukhelp,,,,,,,,,,,,
#Bitcoin,#ApplePay,@RevolutApp,,,,,,,,,,,
Wallet/#ApplePay,,,,,,,,,,,,,
@Polidalberg,@kulivnk,@Applekrk,,,,,,,,,,,
#iPhoneX,,,,,,,,,,,,,
@ChickfilA,,,,,,,,,,,,,
#Bitcoin,#MobilePay,#ApplePay-,,,,,,,,,,,
